dataset,task,basis,seed,layer,head,rank,omega_x,omega_y,power,mass,phase
cifar10,classification,toric_PJ_R2_coord_shuffle,611,0,0,1,-0.41887906193733215,0.41887906193733215,0.11531370878219604,0.023043261840939522,-0.12192438542842865
cifar10,classification,toric_PJ_R2_coord_shuffle,611,0,0,2,0.41887906193733215,-0.41887906193733215,0.11531370878219604,0.023043261840939522,0.12192438542842865
cifar10,classification,toric_PJ_R2_coord_shuffle,611,0,0,3,2.5132744312286377,2.094395160675049,0.10231202840805054,0.020445123314857483,-1.7475942373275757
cifar10,classification,toric_PJ_R2_coord_shuffle,611,0,0,4,-2.5132744312286377,-2.094395160675049,0.10231202840805054,0.020445123314857483,1.7475942373275757
cifar10,classification,toric_PJ_R2_coord_shuffle,611,0,0,5,1.6755162477493286,2.9321534633636475,0.10001327097415924,0.019985759630799294,0.3513970971107483
cifar10,classification,toric_PJ_R2_coord_shuffle,611,0,0,6,-1.6755162477493286,-2.9321534633636475,0.10001327097415924,0.019985759630799294,-0.3513970971107483
cifar10,classification,toric_PJ_R2_coord_shuffle,611,0,0,7,0.8377581238746643,-0.8377581238746643,0.08228985220193863,0.016444070264697075,-2.2046658992767334
cifar10,classification,toric_PJ_R2_coord_shuffle,611,0,0,8,-0.8377581238746643,0.8377581238746643,0.08228985220193863,0.016444070264697075,2.2046658992767334
cifar10,classification,toric_PJ_R2_coord_shuffle,611,0,1,1,-2.5132744312286377,-2.5132744312286377,0.20976708829402924,0.021485798060894012,0.3463863432407379
cifar10,classification,toric_PJ_R2_coord_shuffle,611,0,1,2,2.5132744312286377,2.5132744312286377,0.20976708829402924,0.021485798060894012,-0.3463863432407379
cifar10,classification,toric_PJ_R2_coord_shuffle,611,0,1,3,2.9321534633636475,-0.41887906193733215,0.1759190708398819,0.018018849194049835,-0.6154708862304688
cifar10,classification,toric_PJ_R2_coord_shuffle,611,0,1,4,-2.9321534633636475,0.41887906193733215,0.1759190708398819,0.018018849194049835,0.6154708862304688
cifar10,classification,toric_PJ_R2_coord_shuffle,611,0,1,5,2.094395160675049,-0.41887906193733215,0.16752490401268005,0.01715906150639057,-1.941210389137268
cifar10,classification,toric_PJ_R2_coord_shuffle,611,0,1,6,-2.094395160675049,0.41887906193733215,0.16752490401268005,0.01715906150639057,1.941210389137268
cifar10,classification,toric_PJ_R2_coord_shuffle,611,0,1,7,-2.5132744312286377,-2.094395160675049,0.1488252729177475,0.015243715606629848,0.9358699321746826
cifar10,classification,toric_PJ_R2_coord_shuffle,611,0,1,8,2.5132744312286377,2.094395160675049,0.1488252729177475,0.015243715606629848,-0.9358699321746826
cifar10,classification,toric_PJ_R2_coord_shuffle,611,0,2,1,2.5132744312286377,-1.2566372156143188,0.08923885971307755,0.029972655698657036,-1.637547492980957
cifar10,classification,toric_PJ_R2_coord_shuffle,611,0,2,2,-2.5132744312286377,1.2566372156143188,0.08923885971307755,0.029972655698657036,1.637547492980957
cifar10,classification,toric_PJ_R2_coord_shuffle,611,0,2,3,-0.41887906193733215,1.2566372156143188,0.04665590077638626,0.01567031815648079,2.447056293487549
cifar10,classification,toric_PJ_R2_coord_shuffle,611,0,2,4,0.41887906193733215,-1.2566372156143188,0.04665590077638626,0.01567031815648079,-2.447056293487549
cifar10,classification,toric_PJ_R2_coord_shuffle,611,0,2,5,2.5132744312286377,-0.8377581238746643,0.046008821576833725,0.015452982857823372,-1.088590383529663
cifar10,classification,toric_PJ_R2_coord_shuffle,611,0,2,6,-2.5132744312286377,0.8377581238746643,0.046008821576833725,0.015452982857823372,1.088590383529663
cifar10,classification,toric_PJ_R2_coord_shuffle,611,0,2,7,-2.094395160675049,2.9321534633636475,0.043554697185754776,0.014628716744482517,2.0047640800476074
cifar10,classification,toric_PJ_R2_coord_shuffle,611,0,2,8,2.094395160675049,-2.9321534633636475,0.043554697185754776,0.014628716744482517,-2.0047640800476074
cifar10,classification,toric_PJ_R2_coord_shuffle,611,0,3,1,-2.5132744312286377,-2.5132744312286377,0.09941030293703079,0.024148352444171906,0.7809033989906311
cifar10,classification,toric_PJ_R2_coord_shuffle,611,0,3,2,2.5132744312286377,2.5132744312286377,0.09941030293703079,0.024148352444171906,-0.7809033989906311
cifar10,classification,toric_PJ_R2_coord_shuffle,611,0,3,3,-0.41887906193733215,0.0,0.07639028877019882,0.018556421622633934,-2.746108055114746
cifar10,classification,toric_PJ_R2_coord_shuffle,611,0,3,4,0.41887906193733215,0.0,0.07639028877019882,0.018556421622633934,2.746108055114746
cifar10,classification,toric_PJ_R2_coord_shuffle,611,0,3,5,1.6755162477493286,-1.6755162477493286,0.061546068638563156,0.01495052408427,-2.237039804458618
cifar10,classification,toric_PJ_R2_coord_shuffle,611,0,3,6,-1.6755162477493286,1.6755162477493286,0.061546068638563156,0.01495052408427,2.237039804458618
cifar10,classification,toric_PJ_R2_coord_shuffle,611,0,3,7,-2.5132744312286377,-1.6755162477493286,0.06129252538084984,0.01488893385976553,-0.05071330443024635
cifar10,classification,toric_PJ_R2_coord_shuffle,611,0,3,8,2.5132744312286377,1.6755162477493286,0.06129252538084984,0.01488893385976553,0.05071330443024635
cifar10,classification,toric_PJ_R2_coord_shuffle,611,0,4,1,0.41887906193733215,-1.2566372156143188,0.0748797208070755,0.019028976559638977,-2.4581336975097656
cifar10,classification,toric_PJ_R2_coord_shuffle,611,0,4,2,-0.41887906193733215,1.2566372156143188,0.0748797208070755,0.019028976559638977,2.4581336975097656
cifar10,classification,toric_PJ_R2_coord_shuffle,611,0,4,3,-1.2566372156143188,0.41887906193733215,0.05828899145126343,0.014812820591032505,1.6784130334854126
cifar10,classification,toric_PJ_R2_coord_shuffle,611,0,4,4,1.2566372156143188,-0.41887906193733215,0.05828899145126343,0.014812820591032505,-1.6784130334854126
cifar10,classification,toric_PJ_R2_coord_shuffle,611,0,4,5,-1.2566372156143188,2.9321534633636475,0.056775469332933426,0.014428193680942059,-2.144244432449341
cifar10,classification,toric_PJ_R2_coord_shuffle,611,0,4,6,1.2566372156143188,-2.9321534633636475,0.056775469332933426,0.014428193680942059,2.144244432449341
cifar10,classification,toric_PJ_R2_coord_shuffle,611,0,4,7,-1.6755162477493286,2.9321534633636475,0.0540972501039505,0.013747585006058216,2.7734901905059814
cifar10,classification,toric_PJ_R2_coord_shuffle,611,0,4,8,1.6755162477493286,-2.9321534633636475,0.0540972501039505,0.013747585006058216,-2.7734901905059814
cifar10,classification,toric_PJ_R2_coord_shuffle,611,0,5,1,0.0,-2.094395160675049,0.3058903217315674,0.02802474983036518,-2.6984786987304688
cifar10,classification,toric_PJ_R2_coord_shuffle,611,0,5,2,0.0,2.094395160675049,0.3058903217315674,0.02802474983036518,2.6984786987304688
cifar10,classification,toric_PJ_R2_coord_shuffle,611,0,5,3,-0.41887906193733215,-0.41887906193733215,0.23372073471546173,0.021412789821624756,2.8897578716278076
cifar10,classification,toric_PJ_R2_coord_shuffle,611,0,5,4,0.41887906193733215,0.41887906193733215,0.23372073471546173,0.021412789821624756,-2.8897578716278076
cifar10,classification,toric_PJ_R2_coord_shuffle,611,0,5,5,2.5132744312286377,2.5132744312286377,0.16336064040660858,0.014966608956456184,-0.1058143749833107
cifar10,classification,toric_PJ_R2_coord_shuffle,611,0,5,6,-2.5132744312286377,-2.5132744312286377,0.16336064040660858,0.014966608956456184,0.1058143749833107
cifar10,classification,toric_PJ_R2_coord_shuffle,611,0,5,7,2.094395160675049,-0.8377581238746643,0.16309939324855804,0.014942674897611141,-1.9872349500656128
cifar10,classification,toric_PJ_R2_coord_shuffle,611,0,5,8,-2.094395160675049,0.8377581238746643,0.16309939324855804,0.014942674897611141,1.9872349500656128
cifar10,classification,toric_PJ_R2_coord_shuffle,611,0,6,1,2.5132744312286377,1.6755162477493286,0.22485454380512238,0.018208790570497513,-1.166130542755127
cifar10,classification,toric_PJ_R2_coord_shuffle,611,0,6,2,-2.5132744312286377,-1.6755162477493286,0.22485454380512238,0.018208790570497513,1.166130542755127
cifar10,classification,toric_PJ_R2_coord_shuffle,611,0,6,3,1.2566372156143188,-2.094395160675049,0.15923361480236053,0.012894787825644016,1.6536439657211304
cifar10,classification,toric_PJ_R2_coord_shuffle,611,0,6,4,-1.2566372156143188,2.094395160675049,0.15923361480236053,0.012894787825644016,-1.6536439657211304
cifar10,classification,toric_PJ_R2_coord_shuffle,611,0,6,5,-0.8377581238746643,0.0,0.15731127560138702,0.012739116325974464,0.9996734261512756
cifar10,classification,toric_PJ_R2_coord_shuffle,611,0,6,6,0.8377581238746643,0.0,0.15731127560138702,0.012739116325974464,-0.9996734261512756
cifar10,classification,toric_PJ_R2_coord_shuffle,611,0,6,7,-2.5132744312286377,-2.5132744312286377,0.15717169642448425,0.012727812863886356,-7.791700772941113e-05
cifar10,classification,toric_PJ_R2_coord_shuffle,611,0,6,8,2.5132744312286377,2.5132744312286377,0.15717169642448425,0.012727812863886356,7.791700772941113e-05
cifar10,classification,toric_PJ_R2_coord_shuffle,611,0,7,1,2.5132744312286377,2.5132744312286377,0.1626644879579544,0.01830739714205265,-0.800568699836731
cifar10,classification,toric_PJ_R2_coord_shuffle,611,0,7,2,-2.5132744312286377,-2.5132744312286377,0.1626644879579544,0.01830739714205265,0.800568699836731
cifar10,classification,toric_PJ_R2_coord_shuffle,611,0,7,3,0.0,-0.8377581238746643,0.1421290636062622,0.01599619723856449,2.9995017051696777
cifar10,classification,toric_PJ_R2_coord_shuffle,611,0,7,4,0.0,0.8377581238746643,0.1421290636062622,0.01599619723856449,-2.9995017051696777
cifar10,classification,toric_PJ_R2_coord_shuffle,611,0,7,5,2.5132744312286377,2.094395160675049,0.12248958647251129,0.013785832561552525,-1.5047444105148315
cifar10,classification,toric_PJ_R2_coord_shuffle,611,0,7,6,-2.5132744312286377,-2.094395160675049,0.12248958647251129,0.013785832561552525,1.5047444105148315
cifar10,classification,toric_PJ_R2_coord_shuffle,611,0,7,7,-2.5132744312286377,-2.9321534633636475,0.11791109293699265,0.013270537368953228,1.0856478214263916
cifar10,classification,toric_PJ_R2_coord_shuffle,611,0,7,8,2.5132744312286377,2.9321534633636475,0.11791109293699265,0.013270537368953228,-1.0856478214263916
cifar10,classification,toric_PJ_R2_coord_shuffle,611,1,0,1,0.0,-2.094395160675049,0.08763860166072845,0.03429560363292694,0.7230375409126282
cifar10,classification,toric_PJ_R2_coord_shuffle,611,1,0,2,0.0,2.094395160675049,0.08763860166072845,0.03429560363292694,-0.7230375409126282
cifar10,classification,toric_PJ_R2_coord_shuffle,611,1,0,3,-1.6755162477493286,2.9321534633636475,0.0481266975402832,0.01883341372013092,2.177783250808716
cifar10,classification,toric_PJ_R2_coord_shuffle,611,1,0,4,1.6755162477493286,-2.9321534633636475,0.0481266975402832,0.01883341372013092,-2.177783250808716
cifar10,classification,toric_PJ_R2_coord_shuffle,611,1,0,5,-2.5132744312286377,2.094395160675049,0.04113207384943962,0.01609620824456215,0.4147833287715912
cifar10,classification,toric_PJ_R2_coord_shuffle,611,1,0,6,2.5132744312286377,-2.094395160675049,0.04113207384943962,0.01609620824456215,-0.4147833287715912
cifar10,classification,toric_PJ_R2_coord_shuffle,611,1,0,7,2.9321534633636475,-0.8377581238746643,0.039125263690948486,0.015310884453356266,2.2005724906921387
cifar10,classification,toric_PJ_R2_coord_shuffle,611,1,0,8,-2.9321534633636475,0.8377581238746643,0.039125263690948486,0.015310884453356266,-2.2005724906921387
cifar10,classification,toric_PJ_R2_coord_shuffle,611,1,1,1,0.0,-2.094395160675049,0.12249797582626343,0.01992279849946499,0.9623232483863831
cifar10,classification,toric_PJ_R2_coord_shuffle,611,1,1,2,0.0,2.094395160675049,0.12249797582626343,0.01992279849946499,-0.9623232483863831
cifar10,classification,toric_PJ_R2_coord_shuffle,611,1,1,3,0.41887906193733215,-1.2566372156143188,0.10405126959085464,0.016922667622566223,-2.8159382343292236
cifar10,classification,toric_PJ_R2_coord_shuffle,611,1,1,4,-0.41887906193733215,1.2566372156143188,0.10405126959085464,0.016922667622566223,2.8159382343292236
cifar10,classification,toric_PJ_R2_coord_shuffle,611,1,1,5,-1.2566372156143188,2.9321534633636475,0.09734268486499786,0.0158315971493721,-1.8120490312576294
cifar10,classification,toric_PJ_R2_coord_shuffle,611,1,1,6,1.2566372156143188,-2.9321534633636475,0.09734268486499786,0.0158315971493721,1.8120490312576294
cifar10,classification,toric_PJ_R2_coord_shuffle,611,1,1,7,0.41887906193733215,-0.8377581238746643,0.08752581477165222,0.014235003851354122,-2.5596814155578613
cifar10,classification,toric_PJ_R2_coord_shuffle,611,1,1,8,-0.41887906193733215,0.8377581238746643,0.08752581477165222,0.014235003851354122,2.5596814155578613
cifar10,classification,toric_PJ_R2_coord_shuffle,611,1,2,1,1.6755162477493286,-0.41887906193733215,0.07867862284183502,0.020400365814566612,-1.9997438192367554
cifar10,classification,toric_PJ_R2_coord_shuffle,611,1,2,2,-1.6755162477493286,0.41887906193733215,0.07867862284183502,0.020400365814566612,1.9997438192367554
cifar10,classification,toric_PJ_R2_coord_shuffle,611,1,2,3,2.5132744312286377,2.5132744312286377,0.07406392693519592,0.019203834235668182,0.1587565392255783
cifar10,classification,toric_PJ_R2_coord_shuffle,611,1,2,4,-2.5132744312286377,-2.5132744312286377,0.07406392693519592,0.019203834235668182,-0.1587565392255783
cifar10,classification,toric_PJ_R2_coord_shuffle,611,1,2,5,0.8377581238746643,0.0,0.07132488489151001,0.018493635579943657,-0.8088201284408569
cifar10,classification,toric_PJ_R2_coord_shuffle,611,1,2,6,-0.8377581238746643,0.0,0.07132488489151001,0.018493635579943657,0.8088201284408569
cifar10,classification,toric_PJ_R2_coord_shuffle,611,1,2,7,-1.2566372156143188,2.094395160675049,0.0607815720140934,0.015759887173771858,-2.038705587387085
cifar10,classification,toric_PJ_R2_coord_shuffle,611,1,2,8,1.2566372156143188,-2.094395160675049,0.0607815720140934,0.015759887173771858,2.038705587387085
cifar10,classification,toric_PJ_R2_coord_shuffle,611,1,3,1,-0.41887906193733215,-0.41887906193733215,0.20802953839302063,0.02438845857977867,0.38428178429603577
cifar10,classification,toric_PJ_R2_coord_shuffle,611,1,3,2,0.41887906193733215,0.41887906193733215,0.20802953839302063,0.02438845857977867,-0.38428178429603577
cifar10,classification,toric_PJ_R2_coord_shuffle,611,1,3,3,0.41887906193733215,2.5132744312286377,0.14740407466888428,0.017280997708439827,2.4509682655334473
cifar10,classification,toric_PJ_R2_coord_shuffle,611,1,3,4,-0.41887906193733215,-2.5132744312286377,0.14740407466888428,0.017280997708439827,-2.4509682655334473
cifar10,classification,toric_PJ_R2_coord_shuffle,611,1,3,5,-1.6755162477493286,2.094395160675049,0.1322852373123169,0.015508532524108887,-1.9462671279907227
cifar10,classification,toric_PJ_R2_coord_shuffle,611,1,3,6,1.6755162477493286,-2.094395160675049,0.1322852373123169,0.015508532524108887,1.9462671279907227
cifar10,classification,toric_PJ_R2_coord_shuffle,611,1,3,7,0.41887906193733215,1.6755162477493286,0.13222427666187286,0.015501386485993862,2.1416919231414795
cifar10,classification,toric_PJ_R2_coord_shuffle,611,1,3,8,-0.41887906193733215,-1.6755162477493286,0.13222427666187286,0.015501386485993862,-2.1416919231414795
cifar10,classification,toric_PJ_R2_coord_shuffle,611,1,4,1,0.8377581238746643,2.5132744312286377,0.10039559006690979,0.02306991070508957,-1.863527536392212
cifar10,classification,toric_PJ_R2_coord_shuffle,611,1,4,2,-0.8377581238746643,-2.5132744312286377,0.10039559006690979,0.02306991070508957,1.863527536392212
cifar10,classification,toric_PJ_R2_coord_shuffle,611,1,4,3,-2.5132744312286377,-1.6755162477493286,0.08191131800413132,0.018822407349944115,1.6348599195480347
cifar10,classification,toric_PJ_R2_coord_shuffle,611,1,4,4,2.5132744312286377,1.6755162477493286,0.08191131800413132,0.018822407349944115,-1.6348599195480347
cifar10,classification,toric_PJ_R2_coord_shuffle,611,1,4,5,0.41887906193733215,-2.5132744312286377,0.07449311017990112,0.017117777839303017,3.070143461227417
cifar10,classification,toric_PJ_R2_coord_shuffle,611,1,4,6,-0.41887906193733215,2.5132744312286377,0.07449311017990112,0.017117777839303017,-3.070143461227417
cifar10,classification,toric_PJ_R2_coord_shuffle,611,1,4,7,-0.41887906193733215,-2.5132744312286377,0.07421255111694336,0.017053307965397835,2.602097272872925
cifar10,classification,toric_PJ_R2_coord_shuffle,611,1,4,8,0.41887906193733215,2.5132744312286377,0.07421255111694336,0.017053307965397835,-2.602097272872925
cifar10,classification,toric_PJ_R2_coord_shuffle,611,1,5,1,-2.9321534633636475,-2.5132744312286377,0.08473808318376541,0.01721552200615406,-0.007596759591251612
cifar10,classification,toric_PJ_R2_coord_shuffle,611,1,5,2,2.9321534633636475,2.5132744312286377,0.08473808318376541,0.01721552200615406,0.007596759591251612
cifar10,classification,toric_PJ_R2_coord_shuffle,611,1,5,3,0.0,0.41887906193733215,0.08137545734643936,0.01653236523270607,-1.1556787490844727
cifar10,classification,toric_PJ_R2_coord_shuffle,611,1,5,4,0.0,-0.41887906193733215,0.08137545734643936,0.01653236523270607,1.1556787490844727
cifar10,classification,toric_PJ_R2_coord_shuffle,611,1,5,5,0.8377581238746643,2.094395160675049,0.07694893330335617,0.01563306711614132,0.9390080571174622
cifar10,classification,toric_PJ_R2_coord_shuffle,611,1,5,6,-0.8377581238746643,-2.094395160675049,0.07694893330335617,0.01563306711614132,-0.9390080571174622
cifar10,classification,toric_PJ_R2_coord_shuffle,611,1,5,7,-2.9321534633636475,0.41887906193733215,0.07550598680973053,0.015339914709329605,-2.7193028926849365
cifar10,classification,toric_PJ_R2_coord_shuffle,611,1,5,8,2.9321534633636475,-0.41887906193733215,0.07550598680973053,0.015339914709329605,2.7193028926849365
cifar10,classification,toric_PJ_R2_coord_shuffle,611,1,6,1,-0.41887906193733215,0.41887906193733215,0.21308408677577972,0.01995272934436798,2.8222455978393555
cifar10,classification,toric_PJ_R2_coord_shuffle,611,1,6,2,0.41887906193733215,-0.41887906193733215,0.21308408677577972,0.01995272934436798,-2.8222455978393555
cifar10,classification,toric_PJ_R2_coord_shuffle,611,1,6,3,-2.9321534633636475,0.41887906193733215,0.18707787990570068,0.017517564818263054,-1.0362616777420044
cifar10,classification,toric_PJ_R2_coord_shuffle,611,1,6,4,2.9321534633636475,-0.41887906193733215,0.18707787990570068,0.017517564818263054,1.0362616777420044
cifar10,classification,toric_PJ_R2_coord_shuffle,611,1,6,5,2.5132744312286377,0.41887906193733215,0.16818158328533173,0.01574815809726715,0.8136946558952332
cifar10,classification,toric_PJ_R2_coord_shuffle,611,1,6,6,-2.5132744312286377,-0.41887906193733215,0.16818158328533173,0.01574815809726715,-0.8136946558952332
cifar10,classification,toric_PJ_R2_coord_shuffle,611,1,6,7,-2.5132744312286377,-2.5132744312286377,0.15840421617031097,0.014832626096904278,-0.4513760209083557
cifar10,classification,toric_PJ_R2_coord_shuffle,611,1,6,8,2.5132744312286377,2.5132744312286377,0.15840421617031097,0.014832626096904278,0.4513760209083557
cifar10,classification,toric_PJ_R2_coord_shuffle,611,1,7,1,2.5132744312286377,1.6755162477493286,0.11951419711112976,0.019886640831828117,-0.6001320481300354
cifar10,classification,toric_PJ_R2_coord_shuffle,611,1,7,2,-2.5132744312286377,-1.6755162477493286,0.11951419711112976,0.019886640831828117,0.6001320481300354
cifar10,classification,toric_PJ_R2_coord_shuffle,611,1,7,3,1.2566372156143188,2.094395160675049,0.10739041119813919,0.017869295552372932,2.476679801940918
cifar10,classification,toric_PJ_R2_coord_shuffle,611,1,7,4,-1.2566372156143188,-2.094395160675049,0.10739041119813919,0.017869295552372932,-2.476679801940918
cifar10,classification,toric_PJ_R2_coord_shuffle,611,1,7,5,-2.5132744312286377,-2.5132744312286377,0.10264147073030472,0.01707909256219864,-0.06325693428516388
cifar10,classification,toric_PJ_R2_coord_shuffle,611,1,7,6,2.5132744312286377,2.5132744312286377,0.10264147073030472,0.01707909256219864,0.06325693428516388
cifar10,classification,toric_PJ_R2_coord_shuffle,611,1,7,7,2.5132744312286377,-0.41887906193733215,0.07639855891466141,0.012712387368083,0.07332821190357208
cifar10,classification,toric_PJ_R2_coord_shuffle,611,1,7,8,-2.5132744312286377,0.41887906193733215,0.07639855891466141,0.012712387368083,-0.07332821190357208
cifar10,classification,toric_PJ_R2_coord_shuffle,611,2,0,1,0.0,0.8377581238746643,0.1134832352399826,0.0333547480404377,3.047765016555786
cifar10,classification,toric_PJ_R2_coord_shuffle,611,2,0,2,0.0,-0.8377581238746643,0.1134832352399826,0.0333547480404377,-3.047765016555786
cifar10,classification,toric_PJ_R2_coord_shuffle,611,2,0,3,0.41887906193733215,-0.8377581238746643,0.08458124846220016,0.024859938770532608,-3.06020188331604
cifar10,classification,toric_PJ_R2_coord_shuffle,611,2,0,4,-0.41887906193733215,0.8377581238746643,0.08458124846220016,0.024859938770532608,3.06020188331604
cifar10,classification,toric_PJ_R2_coord_shuffle,611,2,0,5,0.41887906193733215,-1.2566372156143188,0.051835473626852036,0.015235370956361294,-2.443676710128784
cifar10,classification,toric_PJ_R2_coord_shuffle,611,2,0,6,-0.41887906193733215,1.2566372156143188,0.051835473626852036,0.015235370956361294,2.443676710128784
cifar10,classification,toric_PJ_R2_coord_shuffle,611,2,0,7,-1.6755162477493286,-2.094395160675049,0.051117341965436935,0.015024298802018166,2.886441469192505
cifar10,classification,toric_PJ_R2_coord_shuffle,611,2,0,8,1.6755162477493286,2.094395160675049,0.051117341965436935,0.015024298802018166,-2.886441469192505
cifar10,classification,toric_PJ_R2_coord_shuffle,611,2,1,1,-1.6755162477493286,-2.094395160675049,0.13943949341773987,0.016735941171646118,2.9796628952026367
cifar10,classification,toric_PJ_R2_coord_shuffle,611,2,1,2,1.6755162477493286,2.094395160675049,0.13943949341773987,0.016735941171646118,-2.9796628952026367
cifar10,classification,toric_PJ_R2_coord_shuffle,611,2,1,3,0.8377581238746643,1.2566372156143188,0.13651977479457855,0.016385506838560104,-1.688536286354065
cifar10,classification,toric_PJ_R2_coord_shuffle,611,2,1,4,-0.8377581238746643,-1.2566372156143188,0.13651977479457855,0.016385506838560104,1.688536286354065
cifar10,classification,toric_PJ_R2_coord_shuffle,611,2,1,5,0.8377581238746643,2.5132744312286377,0.12596581876277924,0.015118789859116077,-2.5391764640808105
cifar10,classification,toric_PJ_R2_coord_shuffle,611,2,1,6,-0.8377581238746643,-2.5132744312286377,0.12596581876277924,0.015118789859116077,2.5391764640808105
cifar10,classification,toric_PJ_R2_coord_shuffle,611,2,1,7,-2.094395160675049,-1.2566372156143188,0.12402443587779999,0.014885779470205307,1.437006950378418
cifar10,classification,toric_PJ_R2_coord_shuffle,611,2,1,8,2.094395160675049,1.2566372156143188,0.12402443587779999,0.014885779470205307,-1.437006950378418
cifar10,classification,toric_PJ_R2_coord_shuffle,611,2,2,1,0.0,1.6755162477493286,0.02042837254703045,0.020836245268583298,0.09023885428905487
cifar10,classification,toric_PJ_R2_coord_shuffle,611,2,2,2,0.0,-1.6755162477493286,0.02042837254703045,0.020836245268583298,-0.09023885428905487
cifar10,classification,toric_PJ_R2_coord_shuffle,611,2,2,3,1.6755162477493286,1.2566372156143188,0.019143182784318924,0.019525393843650818,-1.4850637912750244
cifar10,classification,toric_PJ_R2_coord_shuffle,611,2,2,4,-1.6755162477493286,-1.2566372156143188,0.019143182784318924,0.019525393843650818,1.4850637912750244
cifar10,classification,toric_PJ_R2_coord_shuffle,611,2,2,5,2.9321534633636475,0.0,0.016218001022934914,0.01654180884361267,-0.09614976495504379
cifar10,classification,toric_PJ_R2_coord_shuffle,611,2,2,6,-2.9321534633636475,0.0,0.016218001022934914,0.01654180884361267,0.09614976495504379
cifar10,classification,toric_PJ_R2_coord_shuffle,611,2,2,7,2.5132744312286377,0.0,0.015395715832710266,0.0157031062990427,-1.0569210052490234
cifar10,classification,toric_PJ_R2_coord_shuffle,611,2,2,8,-2.5132744312286377,0.0,0.015395715832710266,0.0157031062990427,1.0569210052490234
cifar10,classification,toric_PJ_R2_coord_shuffle,611,2,3,1,0.0,-2.5132744312286377,0.08470594882965088,0.01945621706545353,-2.310002565383911
cifar10,classification,toric_PJ_R2_coord_shuffle,611,2,3,2,0.0,2.5132744312286377,0.08470594882965088,0.01945621706545353,2.310002565383911
cifar10,classification,toric_PJ_R2_coord_shuffle,611,2,3,3,-1.6755162477493286,-2.094395160675049,0.08163429796695709,0.018750684335827827,2.933016777038574
cifar10,classification,toric_PJ_R2_coord_shuffle,611,2,3,4,1.6755162477493286,2.094395160675049,0.08163429796695709,0.018750684335827827,-2.933016777038574
cifar10,classification,toric_PJ_R2_coord_shuffle,611,2,3,5,-1.6755162477493286,2.094395160675049,0.07392270863056183,0.0169794000685215,2.7365474700927734
cifar10,classification,toric_PJ_R2_coord_shuffle,611,2,3,6,1.6755162477493286,-2.094395160675049,0.07392270863056183,0.0169794000685215,-2.7365474700927734
cifar10,classification,toric_PJ_R2_coord_shuffle,611,2,3,7,-1.6755162477493286,-2.5132744312286377,0.06303322315216064,0.014478180557489395,2.066512107849121
cifar10,classification,toric_PJ_R2_coord_shuffle,611,2,3,8,1.6755162477493286,2.5132744312286377,0.06303322315216064,0.014478180557489395,-2.066512107849121
cifar10,classification,toric_PJ_R2_coord_shuffle,611,2,4,1,-2.094395160675049,-0.41887906193733215,0.10277167707681656,0.018501125276088715,-2.8260610103607178
cifar10,classification,toric_PJ_R2_coord_shuffle,611,2,4,2,2.094395160675049,0.41887906193733215,0.10277167707681656,0.018501125276088715,2.8260610103607178
cifar10,classification,toric_PJ_R2_coord_shuffle,611,2,4,3,-2.9321534633636475,0.41887906193733215,0.10136599093675613,0.018248071894049644,-1.301400899887085
cifar10,classification,toric_PJ_R2_coord_shuffle,611,2,4,4,2.9321534633636475,-0.41887906193733215,0.10136599093675613,0.018248071894049644,1.301400899887085
cifar10,classification,toric_PJ_R2_coord_shuffle,611,2,4,5,0.0,2.9321534633636475,0.09083645045757294,0.01635252684354782,0.0990847796201706
cifar10,classification,toric_PJ_R2_coord_shuffle,611,2,4,6,0.0,-2.9321534633636475,0.09083645045757294,0.01635252684354782,-0.0990847796201706
cifar10,classification,toric_PJ_R2_coord_shuffle,611,2,4,7,-1.2566372156143188,-2.094395160675049,0.08207974582910538,0.014776130206882954,-1.4575490951538086
cifar10,classification,toric_PJ_R2_coord_shuffle,611,2,4,8,1.2566372156143188,2.094395160675049,0.08207974582910538,0.014776130206882954,1.4575490951538086
cifar10,classification,toric_PJ_R2_coord_shuffle,611,2,5,1,-2.9321534633636475,0.41887906193733215,0.19330918788909912,0.023358149453997612,1.0476804971694946
cifar10,classification,toric_PJ_R2_coord_shuffle,611,2,5,2,2.9321534633636475,-0.41887906193733215,0.19330918788909912,0.023358149453997612,-1.0476804971694946
cifar10,classification,toric_PJ_R2_coord_shuffle,611,2,5,3,-1.6755162477493286,-1.2566372156143188,0.1690131276845932,0.020422380417585373,-0.8349066972732544
cifar10,classification,toric_PJ_R2_coord_shuffle,611,2,5,4,1.6755162477493286,1.2566372156143188,0.1690131276845932,0.020422380417585373,0.8349066972732544
cifar10,classification,toric_PJ_R2_coord_shuffle,611,2,5,5,-1.6755162477493286,0.41887906193733215,0.12960422039031982,0.01566047966480255,-1.685863733291626
cifar10,classification,toric_PJ_R2_coord_shuffle,611,2,5,6,1.6755162477493286,-0.41887906193733215,0.12960422039031982,0.01566047966480255,1.685863733291626
cifar10,classification,toric_PJ_R2_coord_shuffle,611,2,5,7,1.6755162477493286,-2.094395160675049,0.12445565313100815,0.015038362704217434,0.6864271759986877
cifar10,classification,toric_PJ_R2_coord_shuffle,611,2,5,8,-1.6755162477493286,2.094395160675049,0.12445565313100815,0.015038362704217434,-0.6864271759986877
cifar10,classification,toric_PJ_R2_coord_shuffle,611,2,6,1,0.41887906193733215,-2.5132744312286377,0.2316446602344513,0.02233053557574749,-3.05129337310791
cifar10,classification,toric_PJ_R2_coord_shuffle,611,2,6,2,-0.41887906193733215,2.5132744312286377,0.2316446602344513,0.02233053557574749,3.05129337310791
cifar10,classification,toric_PJ_R2_coord_shuffle,611,2,6,3,-0.41887906193733215,0.8377581238746643,0.20460374653339386,0.019723793491721153,2.8563783168792725
cifar10,classification,toric_PJ_R2_coord_shuffle,611,2,6,4,0.41887906193733215,-0.8377581238746643,0.20460374653339386,0.019723793491721153,-2.8563783168792725
cifar10,classification,toric_PJ_R2_coord_shuffle,611,2,6,5,-0.41887906193733215,-0.41887906193733215,0.19591762125492096,0.018886450678110123,0.24937528371810913
cifar10,classification,toric_PJ_R2_coord_shuffle,611,2,6,6,0.41887906193733215,0.41887906193733215,0.19591762125492096,0.018886450678110123,-0.24937528371810913
cifar10,classification,toric_PJ_R2_coord_shuffle,611,2,6,7,-1.2566372156143188,-2.094395160675049,0.15582497417926788,0.015021521598100662,-2.083376884460449
cifar10,classification,toric_PJ_R2_coord_shuffle,611,2,6,8,1.2566372156143188,2.094395160675049,0.15582497417926788,0.015021521598100662,2.083376884460449
cifar10,classification,toric_PJ_R2_coord_shuffle,611,2,7,1,-2.9321534633636475,-2.5132744312286377,0.15092283487319946,0.028967464342713356,-0.24726232886314392
cifar10,classification,toric_PJ_R2_coord_shuffle,611,2,7,2,2.9321534633636475,2.5132744312286377,0.15092283487319946,0.028967464342713356,0.24726232886314392
cifar10,classification,toric_PJ_R2_coord_shuffle,611,2,7,3,2.5132744312286377,2.5132744312286377,0.09422209113836288,0.01808457262814045,0.18302780389785767
cifar10,classification,toric_PJ_R2_coord_shuffle,611,2,7,4,-2.5132744312286377,-2.5132744312286377,0.09422209113836288,0.01808457262814045,-0.18302780389785767
cifar10,classification,toric_PJ_R2_coord_shuffle,611,2,7,5,2.9321534633636475,-2.5132744312286377,0.09001084417104721,0.017276285216212273,-0.2539585828781128
cifar10,classification,toric_PJ_R2_coord_shuffle,611,2,7,6,-2.9321534633636475,2.5132744312286377,0.09001084417104721,0.017276285216212273,0.2539585828781128
cifar10,classification,toric_PJ_R2_coord_shuffle,611,2,7,7,-2.094395160675049,-2.5132744312286377,0.07570729404687881,0.014530924148857594,0.5019738078117371
cifar10,classification,toric_PJ_R2_coord_shuffle,611,2,7,8,2.094395160675049,2.5132744312286377,0.07570729404687881,0.014530924148857594,-0.5019738078117371
cifar10,classification,toric_PJ_R2_coord_shuffle,611,3,0,1,-2.094395160675049,-1.2566372156143188,0.3738754987716675,0.020775893703103065,1.581628441810608
cifar10,classification,toric_PJ_R2_coord_shuffle,611,3,0,2,2.094395160675049,1.2566372156143188,0.3738754987716675,0.020775893703103065,-1.581628441810608
cifar10,classification,toric_PJ_R2_coord_shuffle,611,3,0,3,-2.094395160675049,-2.9321534633636475,0.28900834918022156,0.016059909015893936,2.698335647583008
cifar10,classification,toric_PJ_R2_coord_shuffle,611,3,0,4,2.094395160675049,2.9321534633636475,0.28900834918022156,0.016059909015893936,-2.698335647583008
cifar10,classification,toric_PJ_R2_coord_shuffle,611,3,0,5,-2.9321534633636475,1.2566372156143188,0.2706845700740814,0.015041675418615341,-1.2544546127319336
cifar10,classification,toric_PJ_R2_coord_shuffle,611,3,0,6,2.9321534633636475,-1.2566372156143188,0.2706845700740814,0.015041675418615341,1.2544546127319336
cifar10,classification,toric_PJ_R2_coord_shuffle,611,3,0,7,1.2566372156143188,2.094395160675049,0.22249722480773926,0.012363951653242111,1.894231915473938
cifar10,classification,toric_PJ_R2_coord_shuffle,611,3,0,8,-1.2566372156143188,-2.094395160675049,0.22249722480773926,0.012363951653242111,-1.894231915473938
cifar10,classification,toric_PJ_R2_coord_shuffle,611,3,1,1,1.2566372156143188,2.094395160675049,0.35551419854164124,0.019942810758948326,1.9097522497177124
cifar10,classification,toric_PJ_R2_coord_shuffle,611,3,1,2,-1.2566372156143188,-2.094395160675049,0.35551419854164124,0.019942810758948326,-1.9097522497177124
cifar10,classification,toric_PJ_R2_coord_shuffle,611,3,1,3,0.0,-1.6755162477493286,0.30375269055366516,0.017039213329553604,-2.127641201019287
cifar10,classification,toric_PJ_R2_coord_shuffle,611,3,1,4,0.0,1.6755162477493286,0.30375269055366516,0.017039213329553604,2.127641201019287
cifar10,classification,toric_PJ_R2_coord_shuffle,611,3,1,5,-2.094395160675049,-1.2566372156143188,0.30265653133392334,0.016977723687887192,1.641477108001709
cifar10,classification,toric_PJ_R2_coord_shuffle,611,3,1,6,2.094395160675049,1.2566372156143188,0.30265653133392334,0.016977723687887192,-1.641477108001709
cifar10,classification,toric_PJ_R2_coord_shuffle,611,3,1,7,1.2566372156143188,-0.41887906193733215,0.27930477261543274,0.015667790547013283,-1.3439408540725708
cifar10,classification,toric_PJ_R2_coord_shuffle,611,3,1,8,-1.2566372156143188,0.41887906193733215,0.27930477261543274,0.015667790547013283,1.3439408540725708
cifar10,classification,toric_PJ_R2_coord_shuffle,611,3,2,1,-2.094395160675049,2.9321534633636475,0.4164334237575531,0.021383043378591537,2.112550735473633
cifar10,classification,toric_PJ_R2_coord_shuffle,611,3,2,2,2.094395160675049,-2.9321534633636475,0.4164334237575531,0.021383043378591537,-2.112550735473633
cifar10,classification,toric_PJ_R2_coord_shuffle,611,3,2,3,1.6755162477493286,-2.9321534633636475,0.35414251685142517,0.01818452589213848,-2.6009228229522705
cifar10,classification,toric_PJ_R2_coord_shuffle,611,3,2,4,-1.6755162477493286,2.9321534633636475,0.35414251685142517,0.01818452589213848,2.6009228229522705
cifar10,classification,toric_PJ_R2_coord_shuffle,611,3,2,5,2.5132744312286377,-2.9321534633636475,0.29293859004974365,0.01504182443022728,-2.315513849258423
cifar10,classification,toric_PJ_R2_coord_shuffle,611,3,2,6,-2.5132744312286377,2.9321534633636475,0.29293859004974365,0.01504182443022728,2.315513849258423
cifar10,classification,toric_PJ_R2_coord_shuffle,611,3,2,7,0.41887906193733215,-1.2566372156143188,0.28887200355529785,0.014833013527095318,-2.5398917198181152
cifar10,classification,toric_PJ_R2_coord_shuffle,611,3,2,8,-0.41887906193733215,1.2566372156143188,0.28887200355529785,0.014833013527095318,2.5398917198181152
cifar10,classification,toric_PJ_R2_coord_shuffle,611,3,3,1,1.6755162477493286,-2.9321534633636475,0.182681143283844,0.03298373520374298,-2.292973518371582
cifar10,classification,toric_PJ_R2_coord_shuffle,611,3,3,2,-1.6755162477493286,2.9321534633636475,0.182681143283844,0.03298373520374298,2.292973518371582
cifar10,classification,toric_PJ_R2_coord_shuffle,611,3,3,3,0.41887906193733215,-2.5132744312286377,0.11414256691932678,0.020608847960829735,2.8658342361450195
cifar10,classification,toric_PJ_R2_coord_shuffle,611,3,3,4,-0.41887906193733215,2.5132744312286377,0.11414256691932678,0.020608847960829735,-2.8658342361450195
cifar10,classification,toric_PJ_R2_coord_shuffle,611,3,3,5,0.0,-2.094395160675049,0.09115895628929138,0.01645907573401928,0.8926527500152588
cifar10,classification,toric_PJ_R2_coord_shuffle,611,3,3,6,0.0,2.094395160675049,0.09115895628929138,0.01645907573401928,-0.8926527500152588
cifar10,classification,toric_PJ_R2_coord_shuffle,611,3,3,7,1.2566372156143188,0.0,0.0892607569694519,0.016116349026560783,-1.405535340309143
cifar10,classification,toric_PJ_R2_coord_shuffle,611,3,3,8,-1.2566372156143188,0.0,0.0892607569694519,0.016116349026560783,1.405535340309143
cifar10,classification,toric_PJ_R2_coord_shuffle,611,3,4,1,-1.6755162477493286,-2.094395160675049,0.46459534764289856,0.021415211260318756,-2.8373303413391113
cifar10,classification,toric_PJ_R2_coord_shuffle,611,3,4,2,1.6755162477493286,2.094395160675049,0.46459534764289856,0.021415211260318756,2.8373303413391113
cifar10,classification,toric_PJ_R2_coord_shuffle,611,3,4,3,1.2566372156143188,2.094395160675049,0.4491855204105377,0.020704904571175575,2.1660077571868896
cifar10,classification,toric_PJ_R2_coord_shuffle,611,3,4,4,-1.2566372156143188,-2.094395160675049,0.4491855204105377,0.020704904571175575,-2.1660077571868896
cifar10,classification,toric_PJ_R2_coord_shuffle,611,3,4,5,2.5132744312286377,-0.41887906193733215,0.4371625781059265,0.020150715485215187,0.289428174495697
cifar10,classification,toric_PJ_R2_coord_shuffle,611,3,4,6,-2.5132744312286377,0.41887906193733215,0.4371625781059265,0.020150715485215187,-0.289428174495697
cifar10,classification,toric_PJ_R2_coord_shuffle,611,3,4,7,-0.41887906193733215,-1.2566372156143188,0.39802491664886475,0.018346691504120827,3.0631046295166016
cifar10,classification,toric_PJ_R2_coord_shuffle,611,3,4,8,0.41887906193733215,1.2566372156143188,0.39802491664886475,0.018346691504120827,-3.0631046295166016
cifar10,classification,toric_PJ_R2_coord_shuffle,611,3,5,1,1.6755162477493286,1.2566372156143188,0.16699658334255219,0.013978548347949982,2.338031053543091
cifar10,classification,toric_PJ_R2_coord_shuffle,611,3,5,2,-1.6755162477493286,-1.2566372156143188,0.16699658334255219,0.013978548347949982,-2.338031053543091
cifar10,classification,toric_PJ_R2_coord_shuffle,611,3,5,3,0.41887906193733215,-2.5132744312286377,0.15374258160591125,0.012869114987552166,-2.9483261108398438
cifar10,classification,toric_PJ_R2_coord_shuffle,611,3,5,4,-0.41887906193733215,2.5132744312286377,0.15374258160591125,0.012869114987552166,2.9483261108398438
cifar10,classification,toric_PJ_R2_coord_shuffle,611,3,5,5,-2.5132744312286377,-2.5132744312286377,0.15155856311321259,0.012686300091445446,0.6787300705909729
cifar10,classification,toric_PJ_R2_coord_shuffle,611,3,5,6,2.5132744312286377,2.5132744312286377,0.15155856311321259,0.012686300091445446,-0.6787300705909729
cifar10,classification,toric_PJ_R2_coord_shuffle,611,3,5,7,0.0,2.094395160675049,0.14755743741989136,0.012351383455097675,-1.0972986221313477
cifar10,classification,toric_PJ_R2_coord_shuffle,611,3,5,8,0.0,-2.094395160675049,0.14755743741989136,0.012351383455097675,1.0972986221313477
cifar10,classification,toric_PJ_R2_coord_shuffle,611,3,6,1,0.41887906193733215,-2.5132744312286377,0.5740543007850647,0.024766001850366592,-2.9456279277801514
cifar10,classification,toric_PJ_R2_coord_shuffle,611,3,6,2,-0.41887906193733215,2.5132744312286377,0.5740543007850647,0.024766001850366592,2.9456279277801514
cifar10,classification,toric_PJ_R2_coord_shuffle,611,3,6,3,1.6755162477493286,-1.2566372156143188,0.3750508427619934,0.01618054322898388,-2.021986484527588
cifar10,classification,toric_PJ_R2_coord_shuffle,611,3,6,4,-1.6755162477493286,1.2566372156143188,0.3750508427619934,0.01618054322898388,2.021986484527588
cifar10,classification,toric_PJ_R2_coord_shuffle,611,3,6,5,0.0,2.5132744312286377,0.3456243574619293,0.014911017380654812,-3.0802600383758545
cifar10,classification,toric_PJ_R2_coord_shuffle,611,3,6,6,0.0,-2.5132744312286377,0.3456243574619293,0.014911017380654812,3.0802600383758545
cifar10,classification,toric_PJ_R2_coord_shuffle,611,3,6,7,0.0,1.6755162477493286,0.30514299869537354,0.013164559379220009,2.4727160930633545
cifar10,classification,toric_PJ_R2_coord_shuffle,611,3,6,8,0.0,-1.6755162477493286,0.30514299869537354,0.013164559379220009,-2.4727160930633545
cifar10,classification,toric_PJ_R2_coord_shuffle,611,3,7,1,1.2566372156143188,2.094395160675049,0.6891993880271912,0.028582358732819557,1.8779990673065186
cifar10,classification,toric_PJ_R2_coord_shuffle,611,3,7,2,-1.2566372156143188,-2.094395160675049,0.6891993880271912,0.028582358732819557,-1.8779990673065186
cifar10,classification,toric_PJ_R2_coord_shuffle,611,3,7,3,-1.6755162477493286,-2.094395160675049,0.5908305048942566,0.024502821266651154,-2.7821316719055176
cifar10,classification,toric_PJ_R2_coord_shuffle,611,3,7,4,1.6755162477493286,2.094395160675049,0.5908305048942566,0.024502821266651154,2.7821316719055176
cifar10,classification,toric_PJ_R2_coord_shuffle,611,3,7,5,-0.41887906193733215,0.8377581238746643,0.4896019399166107,0.020304687321186066,2.821744203567505
cifar10,classification,toric_PJ_R2_coord_shuffle,611,3,7,6,0.41887906193733215,-0.8377581238746643,0.4896019399166107,0.020304687321186066,-2.821744203567505
cifar10,classification,toric_PJ_R2_coord_shuffle,611,3,7,7,2.094395160675049,2.094395160675049,0.35731610655784607,0.014818551950156689,-2.2007808685302734
cifar10,classification,toric_PJ_R2_coord_shuffle,611,3,7,8,-2.094395160675049,-2.094395160675049,0.35731610655784607,0.014818551950156689,2.2007808685302734
