dataset,task,basis,seed,layer,head,gauge,boundary,bias_mean,bias_std,bias_norm,E_xx,E_yy,E_xy,E_lap,mixed_ratio,E_axial,E_obl,obl_ratio,dc_mass_ratio,spectral_entropy,topk_spectral_mass,topk_dct_mass,diagonal_atom_ratio,low_radial_mass,mid_radial_mass,high_radial_mass,even_spectral_mass,odd_spectral_mass,complex_pair_consistency
cifar10,classification,no_pos_constant,426,0,0,raw,interior_only,0.0010804273188114166,1.2023322615295484e-10,0.0162064116448164,7.318364664277155e-19,7.318364664277155e-19,3.049318610115481e-20,2.439454888092385e-18,3.049318664238854e-08,0.0002626475761644542,3.0899761915836876e-18,1.1764720125287571e-14,0.0007045145612210035,8.037297811824828e-05,6.098639460105915e-07,1.0842025943702538e-08,2.390665940765757e-05,2.9273462587298127e-06,7.806256689946167e-06,1.6588293874519877e-05,3.2526065751881106e-06,0.0,0.012005805969238281
cifar10,classification,no_pos_constant,426,0,0,raw,reflect_padding,0.0010804273188114166,1.2023322615295484e-10,0.0162064116448164,7.318364664277155e-19,7.318364664277155e-19,3.049318610115481e-20,2.439454888092385e-18,3.049318664238854e-08,0.0002626475761644542,3.0899761915836876e-18,1.1764720125287571e-14,0.0007045145612210035,8.037297811824828e-05,6.098639460105915e-07,1.0842025943702538e-08,2.390665940765757e-05,2.9273462587298127e-06,7.806256689946167e-06,1.6588293874519877e-05,3.2526065751881106e-06,0.0,0.012005805969238281
cifar10,classification,no_pos_constant,426,0,0,centered,interior_only,-1.1796752463766325e-10,2.323126586933899e-11,1.8034984616832617e-09,7.318364664277155e-19,7.318364664277155e-19,3.049318610115481e-20,2.439454888092385e-18,3.049318664238854e-08,3.1463547541837706e-18,1.062518020468339e-19,1.0625180379975063e-07,1.109335667657016e-19,8.037297811824828e-05,6.098639460105915e-07,1.0842026831880958e-08,2.390665940765757e-05,2.9273460313561372e-06,7.806255780451465e-06,1.658829569350928e-05,1.2143065930558805e-07,0.0,9.5367431640625e-07
cifar10,classification,no_pos_constant,426,0,0,centered,reflect_padding,-1.1796752463766325e-10,2.323126586933899e-11,1.8034984616832617e-09,7.318364664277155e-19,7.318364664277155e-19,3.049318610115481e-20,2.439454888092385e-18,3.049318664238854e-08,3.1463547541837706e-18,1.062518020468339e-19,1.0625180379975063e-07,1.109335667657016e-19,8.037297811824828e-05,6.098639460105915e-07,1.0842026831880958e-08,2.390665940765757e-05,2.9273460313561372e-06,7.806255780451465e-06,1.658829569350928e-05,1.2143065930558805e-07,0.0,9.5367431640625e-07
cifar10,classification,no_pos_constant,426,0,0,normalized,interior_only,-0.06541038304567337,0.012881224043667316,1.0,0.22499999403953552,0.22499999403953552,0.00937500037252903,0.7500000596046448,0.020408164709806442,0.9673336744308472,0.03266666457056999,0.03266666457056999,1.786930012867647e-14,1.0,0.0223214291036129,0.08928573876619339,0.8749999403953552,0.1071428582072258,0.2857142686843872,0.6071428060531616,1.0,0.0,1.9073486328125e-06
cifar10,classification,no_pos_constant,426,0,0,normalized,reflect_padding,-0.06541038304567337,0.012881224043667316,1.0,0.22499999403953552,0.22499999403953552,0.00937500037252903,0.75,0.020408164709806442,0.9673336744308472,0.03266666457056999,0.03266666457056999,1.786930012867647e-14,1.0,0.0223214291036129,0.08928573876619339,0.8749999403953552,0.1071428582072258,0.2857142686843872,0.6071428060531616,1.0,0.0,1.9073486328125e-06
cifar10,classification,no_pos_constant,426,0,1,raw,interior_only,-9.693204447103199e-06,3.834766434517717e-13,0.00014539805124513805,2.3161057151484775e-23,2.3161057151484775e-23,1.2407709188295415e-24,5.293955920339377e-23,1.2407709408523981e-12,2.1140596828672642e-08,6.617444900424221e-23,3.130206868446478e-15,1.3234889850721743e-09,2.5741076825624987e-08,2.6393223162557433e-09,1.6944298394938606e-11,2.415367239549937e-09,4.03549371696954e-09,1.3720129476979537e-09,7.136298774135241e-10,3.3087223932914966e-11,0.0,0.32687729597091675
cifar10,classification,no_pos_constant,426,0,1,raw,reflect_padding,-9.693204447103199e-06,3.834766434517717e-13,0.00014539805124513805,6.28657265540301e-23,6.28657265540301e-23,1.2407709188295415e-24,1.7205356741102976e-22,1.2407709408523981e-12,2.1140596828672642e-08,6.617444900424221e-23,3.130206868446478e-15,1.3234889850721743e-09,2.5741076825624987e-08,2.6393223162557433e-09,1.6944298394938606e-11,2.415367239549937e-09,4.03549371696954e-09,1.3720129476979537e-09,7.136298774135241e-10,3.3087223932914966e-11,0.0,0.32687729597091675
cifar10,classification,no_pos_constant,426,0,1,centered,interior_only,1.6168795089702842e-13,3.4772307104004307e-13,5.752149624671521e-12,2.3161057151484775e-23,2.3161057151484775e-23,1.2407709188295415e-24,5.293955920339377e-23,1.2407709408523981e-12,2.2352261731188828e-23,1.0734966715236805e-23,1.0734966734982088e-11,1.1754943460074626e-26,2.5741076825624987e-08,2.639322760344953e-09,1.6944301864385558e-11,2.415367239549937e-09,4.03549371696954e-09,1.3720130587202561e-09,7.136298774135241e-10,2.7205052446910294e-11,0.0,0.02914106845855713
cifar10,classification,no_pos_constant,426,0,1,centered,reflect_padding,1.6168795089702842e-13,3.4772307104004307e-13,5.752149624671521e-12,6.28657265540301e-23,6.28657265540301e-23,1.2407709188295415e-24,1.7205356741102976e-22,1.2407709408523981e-12,2.2352261731188828e-23,1.0734966715236805e-23,1.0734966734982088e-11,1.1754943460074626e-26,2.5741076825624987e-08,2.639322760344953e-09,1.6944301864385558e-11,2.415367239549937e-09,4.03549371696954e-09,1.3720130587202561e-09,7.136298774135241e-10,2.7205052446910294e-11,0.0,0.02914106845855713
cifar10,classification,no_pos_constant,426,0,1,normalized,interior_only,0.02810913510620594,0.06045097857713699,1.0,0.699999988079071,0.699999988079071,0.03750000149011612,1.600000023841858,0.02608695812523365,0.6755555272102356,0.324444442987442,0.324444442987442,3.072616780725303e-16,0.6887401342391968,0.43118178844451904,0.622836709022522,0.3945945203304291,0.6592718958854675,0.22414344549179077,0.11658453941345215,1.0,0.0,0.02914106845855713
cifar10,classification,no_pos_constant,426,0,1,normalized,reflect_padding,0.02810913510620594,0.06045097857713699,1.0,1.9000000953674316,1.9000000953674316,0.03750000149011612,5.199999809265137,0.009771986864507198,0.6755555272102356,0.324444442987442,0.324444442987442,3.072616780725303e-16,0.6887401342391968,0.43118178844451904,0.622836709022522,0.3945945203304291,0.6592718958854675,0.22414344549179077,0.11658453941345215,1.0,0.0,0.02914106845855713
cifar10,classification,no_pos_constant,426,0,2,raw,interior_only,-0.000602971762418747,0.0,0.009044576436281204,0.0,0.0,0.0,0.0,0.0,8.180436270777136e-05,0.0,0.0,0.0,1.1488150430949418e-09,0.0,0.0,0.0,0.0,0.0,0.0,0.0,0.0,1.0
cifar10,classification,no_pos_constant,426,0,2,raw,reflect_padding,-0.000602971762418747,0.0,0.009044576436281204,0.0,0.0,0.0,0.0,0.0,8.180436270777136e-05,0.0,0.0,0.0,1.1488150430949418e-09,0.0,0.0,0.0,0.0,0.0,0.0,0.0,0.0,1.0
cifar10,classification,no_pos_constant,426,0,2,centered,interior_only,0.0,0.0,0.0,0.0,0.0,0.0,0.0,0.0,0.0,0.0,0.0,0.0,1.1488150430949418e-09,0.0,0.0,0.0,0.0,0.0,0.0,0.0,0.0,1.0
cifar10,classification,no_pos_constant,426,0,2,centered,reflect_padding,0.0,0.0,0.0,0.0,0.0,0.0,0.0,0.0,0.0,0.0,0.0,0.0,1.1488150430949418e-09,0.0,0.0,0.0,0.0,0.0,0.0,0.0,0.0,1.0
cifar10,classification,no_pos_constant,426,0,2,normalized,interior_only,0.0,0.0,0.0,0.0,0.0,0.0,0.0,0.0,0.0,0.0,0.0,0.0,1.1488150430949418e-09,0.0,0.0,0.0,0.0,0.0,0.0,0.0,0.0,1.0
cifar10,classification,no_pos_constant,426,0,2,normalized,reflect_padding,0.0,0.0,0.0,0.0,0.0,0.0,0.0,0.0,0.0,0.0,0.0,0.0,1.1488150430949418e-09,0.0,0.0,0.0,0.0,0.0,0.0,0.0,0.0,1.0
cifar10,classification,no_pos_constant,426,0,3,raw,interior_only,0.001641153241507709,2.6851340595435147e-10,0.02461729757487774,5.719166459861036e-18,5.719166459861036e-18,8.300922883092143e-19,1.848564704087785e-17,8.300922900161822e-07,0.0006060111918486655,2.2402327388981735e-17,3.696684546471672e-14,0.0007231764029711485,0.004895123187452555,0.0015047596534714103,1.0382901564298663e-05,0.0012600597692653537,0.002529231831431389,0.000321615778375417,7.600990647915751e-05,1.622237505216617e-05,0.0,-0.4590141773223877
cifar10,classification,no_pos_constant,426,0,3,raw,reflect_padding,0.001641153241507709,2.6851340595435147e-10,0.02461729757487774,6.80336863234654e-18,6.80336863234654e-18,8.300922883092143e-19,2.1304572689340162e-17,8.300922900161822e-07,0.0006060111918486655,2.2402327388981735e-17,3.696684546471672e-14,0.0007231764029711485,0.004895123187452555,0.0015047596534714103,1.0382901564298663e-05,0.0012600597692653537,0.002529231831431389,0.000321615778375417,7.600990647915751e-05,1.622237505216617e-05,0.0,-0.4590141773223877
cifar10,classification,no_pos_constant,426,0,3,centered,interior_only,-1.1951972744839168e-10,2.404464127803152e-10,4.0277008395150915e-09,5.719166459861036e-18,5.719166459861036e-18,8.300922883092143e-19,1.848564704087785e-17,8.300922900161822e-07,1.0622109141562922e-17,5.6002658642514386e-18,5.6002659221121576e-06,1.9721522549745938e-19,0.004895123187452555,0.0015047596534714103,1.0382902473793365e-05,0.0012600597692653537,0.002529231831431389,0.000321615778375417,7.600991375511512e-05,1.3008257155888714e-05,0.0,0.0632774829864502
cifar10,classification,no_pos_constant,426,0,3,centered,reflect_padding,-1.1951972744839168e-10,2.404464127803152e-10,4.0277008395150915e-09,6.80336863234654e-18,6.80336863234654e-18,8.300922883092143e-19,2.1304572689340162e-17,8.300922900161822e-07,1.0622109141562922e-17,5.6002658642514386e-18,5.6002659221121576e-06,1.9721522549745938e-19,0.004895123187452555,0.0015047596534714103,1.0382902473793365e-05,0.0012600597692653537,0.002529231831431389,0.000321615778375417,7.600991375511512e-05,1.3008257155888714e-05,0.0,0.0632774829864502
cifar10,classification,no_pos_constant,426,0,3,normalized,interior_only,-0.029674431309103966,0.05969817936420441,1.0,0.35254812240600586,0.3525480628013611,0.05116959661245346,1.1395155191421509,0.0676608681678772,0.6547814011573792,0.34521859884262085,0.34521856904029846,4.922809376258592e-16,0.5944709777832031,0.5141212344169617,0.7981778979301453,0.43051624298095703,0.8641458749771118,0.10988431423902512,0.025969786569476128,1.0,0.0,0.06327754259109497
cifar10,classification,no_pos_constant,426,0,3,normalized,reflect_padding,-0.029674431309103966,0.05969817936420441,1.0,0.41938185691833496,0.41938185691833496,0.05116959661245346,1.3132833242416382,0.05749823898077011,0.6547814011573792,0.34521859884262085,0.34521856904029846,4.922809376258592e-16,0.5944709777832031,0.5141212344169617,0.7981778979301453,0.43051624298095703,0.8641458749771118,0.10988431423902512,0.025969786569476128,1.0,0.0,0.06327754259109497
cifar10,classification,no_pos_constant,426,0,4,raw,interior_only,0.0005323939258232713,1.1802112065417703e-10,0.007985908538103104,1.1722935989999517e-18,1.1722935989999517e-18,9.317362419797304e-20,3.9979955110402976e-18,9.31736252596238e-08,6.37747289147228e-05,1.968504569418994e-18,3.0866531119250196e-14,5.1259044994367287e-05,0.0011826391564682126,0.0005073093925602734,2.6992547645932063e-06,0.00016942014917731285,0.0006157783791422844,1.3999212569615338e-05,2.4118235160131007e-05,3.134021881123772e-06,0.0,-0.11788904666900635
cifar10,classification,no_pos_constant,426,0,4,raw,reflect_padding,0.0005323939258232713,1.1802112065417703e-10,0.007985908538103104,1.1722935989999517e-18,1.1722935989999517e-18,9.317362419797304e-20,3.9979955110402976e-18,9.31736252596238e-08,6.37747289147228e-05,1.968504569418994e-18,3.0866531119250196e-14,5.1259044994367287e-05,0.0011826391564682126,0.0005073093925602734,2.6992547645932063e-06,0.00016942014917731285,0.0006157783791422844,1.3999212569615338e-05,2.4118235160131007e-05,3.134021881123772e-06,0.0,-0.11788904666900635
cifar10,classification,no_pos_constant,426,0,4,centered,interior_only,-3.182018884495541e-11,1.1365060975654373e-10,1.7703168930793822e-09,1.1722935989999517e-18,1.1722935989999517e-18,9.317362419797304e-20,3.9979955110402976e-18,9.31736252596238e-08,2.381043529136953e-18,7.529784274027466e-19,7.529784511461912e-07,7.403274754155723e-19,0.0011826391564682126,0.0005073093925602734,2.6992538550985046e-06,0.00016942014917731285,0.0006157783791422844,1.3999211660120636e-05,2.4118233341141604e-05,2.9062039175187238e-06,0.0,-0.11788904666900635
cifar10,classification,no_pos_constant,426,0,4,centered,reflect_padding,-3.182018884495541e-11,1.1365060975654373e-10,1.7703168930793822e-09,1.1722935989999517e-18,1.1722935989999517e-18,9.317362419797304e-20,3.9979955110402976e-18,9.31736252596238e-08,2.381043529136953e-18,7.529784274027466e-19,7.529784511461912e-07,7.403274754155723e-19,0.0011826391564682126,0.0005073093925602734,2.6992538550985046e-06,0.00016942014917731285,0.0006157783791422844,1.3999211660120636e-05,2.4118233341141604e-05,2.9062039175187238e-06,0.0,-0.11788904666900635
cifar10,classification,no_pos_constant,426,0,4,normalized,interior_only,-0.017974289134144783,0.06419789046049118,0.9999998807907104,0.37405407428741455,0.37405404448509216,0.029729727655649185,1.2756755352020264,0.03822098299860954,0.7597404718399048,0.24025945365428925,0.24025945365428925,6.811044206686542e-17,0.4536449611186981,0.7758258581161499,0.9287905693054199,0.2590934932231903,0.9417070746421814,0.021408934146165848,0.03688390552997589,1.0,0.0,-0.1178891658782959
cifar10,classification,no_pos_constant,426,0,4,normalized,reflect_padding,-0.017974289134144783,0.06419789046049118,0.9999998807907104,0.37405407428741455,0.37405404448509216,0.029729729518294334,1.275675654411316,0.03822098299860954,0.7597404718399048,0.24025945365428925,0.24025945365428925,6.811044206686542e-17,0.4536449611186981,0.7758258581161499,0.9287905693054199,0.2590934932231903,0.9417070746421814,0.021408934146165848,0.03688390552997589,1.0,0.0,-0.1178891658782959
cifar10,classification,no_pos_constant,426,0,5,raw,interior_only,0.00036704016383737326,8.910399501571575e-11,0.005505602806806564,2.0498197323554068e-19,2.0498197323554068e-19,3.176373552203626e-20,6.2680438096818225e-19,3.17637365299106e-08,3.0311672162497416e-05,1.4340267797015305e-18,4.7309402353762006e-14,7.271693175425753e-05,0.0006335565121844411,0.00024067935009952635,1.392375224895659e-06,9.651431901147589e-05,0.0003191221912857145,7.948794518597424e-06,2.150398131561815e-06,1.7863925450001261e-06,0.0,-0.4997905492782593
cifar10,classification,no_pos_constant,426,0,5,raw,reflect_padding,0.00036704016383737326,8.910399501571575e-11,0.005505602806806564,2.0498197323554068e-19,2.0498197323554068e-19,3.176373552203626e-20,6.2680438096818225e-19,3.17637365299106e-08,3.0311672162497416e-05,1.4340267797015305e-18,4.7309402353762006e-14,7.271693175425753e-05,0.0006335565121844411,0.00024067935009952635,1.392375224895659e-06,9.651431901147589e-05,0.0003191221912857145,7.948794518597424e-06,2.150398131561815e-06,1.7863925450001261e-06,0.0,-0.4997905492782593
cifar10,classification,no_pos_constant,426,0,5,centered,interior_only,3.789965563605335e-11,8.06420416554765e-11,1.3365599738079936e-09,2.0498197323554068e-19,2.0498197323554068e-19,3.176373552203626e-20,6.2680438096818225e-19,3.17637365299106e-08,1.3574398845440473e-18,4.2895252366708967e-19,4.289525179501652e-07,3.774822569514403e-20,0.0006335565121844411,0.00024067935009952635,1.3923754522693343e-06,9.65143262874335e-05,0.0003191221912857145,7.948794518597424e-06,2.150398131561815e-06,1.4632062175223837e-06,0.0,0.03186231851577759
cifar10,classification,no_pos_constant,426,0,5,centered,reflect_padding,3.789965563605335e-11,8.06420416554765e-11,1.3365599738079936e-09,2.0498197323554068e-19,2.0498197323554068e-19,3.176373552203626e-20,6.2680438096818225e-19,3.17637365299106e-08,1.3574398845440473e-18,4.2895252366708967e-19,4.289525179501652e-07,3.774822569514403e-20,0.0006335565121844411,0.00024067935009952635,1.3923754522693343e-06,9.65143262874335e-05,0.0003191221912857145,7.948794518597424e-06,2.150398131561815e-06,1.4632062175223837e-06,0.0,0.03186231851577759
cifar10,classification,no_pos_constant,426,0,5,normalized,interior_only,0.028356119990348816,0.060335516929626465,0.9999998807907104,0.11474629491567612,0.11474630236625671,0.017780937254428864,0.35087713599205017,0.07190796732902527,0.7598775625228882,0.24012218415737152,0.2401222139596939,1.6494250347268125e-15,0.4426450729370117,0.7310561537742615,0.9515922665596008,0.2931593954563141,0.9693240523338318,0.02414422668516636,0.006531769875437021,1.0,0.0,0.03186225891113281
cifar10,classification,no_pos_constant,426,0,5,normalized,reflect_padding,0.028356119990348816,0.060335516929626465,0.9999998807907104,0.11474630236625671,0.11474630236625671,0.017780937254428864,0.35087716579437256,0.07190796732902527,0.7598775625228882,0.24012218415737152,0.2401222139596939,1.6494250347268125e-15,0.4426450729370117,0.7310561537742615,0.9515922665596008,0.2931593954563141,0.9693240523338318,0.02414422668516636,0.006531769875437021,1.0,0.0,0.03186225891113281
cifar10,classification,no_pos_constant,426,0,6,raw,interior_only,0.0006135354051366448,6.898146637235314e-11,0.009203030727803707,1.3417001884508117e-18,1.3417001884508117e-18,2.261577969168982e-19,4.038653092508504e-18,2.2615779471379938e-07,8.469579188385978e-05,1.0164395367051604e-18,1.2001065187461097e-14,1.302397868130356e-05,0.0005211653769947588,4.3463809561217204e-05,6.437036859097134e-07,0.0001785003551049158,0.00010264042794005945,0.00010791453678393736,1.7317221136181615e-05,1.0706496595958015e-06,0.0,-0.528476357460022
cifar10,classification,no_pos_constant,426,0,6,raw,reflect_padding,0.0006135354051366448,6.898146637235314e-11,0.009203030727803707,1.531435568635775e-18,1.531435568635775e-18,2.261577969168982e-19,4.580754178751256e-18,2.2615779471379938e-07,8.469579188385978e-05,1.0164395367051604e-18,1.2001065187461097e-14,1.302397868130356e-05,0.0005211653769947588,4.3463809561217204e-05,6.437036859097134e-07,0.0001785003551049158,0.00010264042794005945,0.00010791453678393736,1.7317221136181615e-05,1.0706496595958015e-06,0.0,-0.528476357460022
cifar10,classification,no_pos_constant,426,0,6,centered,interior_only,-1.6039444078463916e-11,6.709082595035554e-11,1.0347219747686154e-09,1.3417001884508117e-18,1.3417001884508117e-18,2.261577969168982e-19,4.038653092508504e-18,2.2615779471379938e-07,2.7731480774963433e-19,7.933348117304072e-19,7.933348342703539e-07,7.703719806579025e-20,0.0005211654352024198,4.3463809561217204e-05,6.437036859097134e-07,0.0001785003551049158,0.00010264042066410184,0.00010791453678393736,1.7317224774160422e-05,1.0127653240488144e-06,0.0,-0.8680683374404907
cifar10,classification,no_pos_constant,426,0,6,centered,reflect_padding,-1.6039444078463916e-11,6.709082595035554e-11,1.0347219747686154e-09,1.531435568635775e-18,1.531435568635775e-18,2.261577969168982e-19,4.580754178751256e-18,2.2615779471379938e-07,2.7731480774963433e-19,7.933348117304072e-19,7.933348342703539e-07,7.703719806579025e-20,0.0005211654352024198,4.3463809561217204e-05,6.437036859097134e-07,0.0001785003551049158,0.00010264042066410184,0.00010791453678393736,1.7317224774160422e-05,1.0127653240488144e-06,0.0,-0.8680683374404907
cifar10,classification,no_pos_constant,426,0,6,normalized,interior_only,-0.015501211397349834,0.06483947485685349,1.0000001192092896,1.2531646490097046,1.2531646490097046,0.2112341821193695,3.7721519470214844,0.0777292549610138,0.2590155005455017,0.7409846186637878,0.7409845590591431,4.173075732312659e-18,0.7373403310775757,0.19073766469955444,0.635590136051178,0.7833353281021118,0.45042985677719116,0.47357484698295593,0.07599532604217529,1.0,0.0,-0.8680684566497803
cifar10,classification,no_pos_constant,426,0,6,normalized,reflect_padding,-0.015501211397349834,0.06483947485685349,1.0000001192092896,1.4303797483444214,1.4303797483444214,0.2112341970205307,4.2784810066223145,0.06876127421855927,0.2590155005455017,0.7409846186637878,0.7409845590591431,4.173075732312659e-18,0.7373403310775757,0.19073766469955444,0.635590136051178,0.7833353281021118,0.45042985677719116,0.47357484698295593,0.07599532604217529,1.0,0.0,-0.8680684566497803
cifar10,classification,no_pos_constant,426,0,7,raw,interior_only,-0.0003789215988945216,1.7354171918948502e-11,0.0056838225573301315,1.4230153513872246e-19,1.4230153513872246e-19,5.929230630780102e-21,3.8624702394796095e-19,5.92923043996052e-09,3.230585207347758e-05,8.809142651444724e-20,2.7267947218224085e-15,3.4694469377427595e-06,3.440280124777928e-05,2.489077814971097e-06,2.2470233673743678e-08,7.33191654944676e-06,5.51213042854215e-06,3.430200422371854e-06,2.834814722518786e-06,6.776263461460985e-08,0.0,0.2773284912109375
cifar10,classification,no_pos_constant,426,0,7,raw,reflect_padding,-0.0003789215988945216,1.7354171918948502e-11,0.0056838225573301315,2.236166980751353e-19,2.236166980751353e-19,5.929230630780102e-21,7.115076756936123e-19,5.92923043996052e-09,3.230585207347758e-05,8.809142651444724e-20,2.7267947218224085e-15,3.4694469377427595e-06,3.440280124777928e-05,2.489077814971097e-06,2.2470233673743678e-08,7.33191654944676e-06,5.51213042854215e-06,3.430200422371854e-06,2.834814722518786e-06,6.776263461460985e-08,0.0,0.2773284912109375
cifar10,classification,no_pos_constant,426,0,7,centered,interior_only,8.278423085927855e-12,1.5252375751284575e-11,2.6031257704950406e-10,1.4230153513872246e-19,1.4230153513872246e-19,5.929230630780102e-21,3.8624702394796095e-19,5.92923043996052e-09,3.51763369937834e-20,3.2586298786560625e-20,3.258629988067696e-08,1.7333369807140876e-21,3.440280124777928e-05,2.489077814971097e-06,2.2470233673743678e-08,7.331917004194111e-06,5.51213042854215e-06,3.430200422371854e-06,2.834814722518786e-06,5.234287314692665e-08,0.0,-0.4730863571166992
cifar10,classification,no_pos_constant,426,0,7,centered,reflect_padding,8.278423085927855e-12,1.5252375751284575e-11,2.6031257704950406e-10,2.236166980751353e-19,2.236166980751353e-19,5.929230630780102e-21,7.115076756936123e-19,5.92923043996052e-09,3.51763369937834e-20,3.2586298786560625e-20,3.258629988067696e-08,1.7333369807140876e-21,3.440280124777928e-05,2.489077814971097e-06,2.2470233673743678e-08,7.331917004194111e-06,5.51213042854215e-06,3.430200422371854e-06,2.834814722518786e-06,5.234287314692665e-08,0.0,-0.4730863571166992
cifar10,classification,no_pos_constant,426,0,7,normalized,interior_only,0.03180185705423355,0.0585925467312336,1.0,2.0999999046325684,2.1000001430511475,0.08749999850988388,5.699999809265137,0.020408162847161293,0.5191110968589783,0.48088890314102173,0.48088890314102173,3.27062237884902e-16,0.8239402174949646,0.21134811639785767,0.42928943037986755,0.6225546598434448,0.4680361747741699,0.2912590801715851,0.2407047152519226,1.0,0.0,-0.47308623790740967
cifar10,classification,no_pos_constant,426,0,7,normalized,reflect_padding,0.03180185705423355,0.0585925467312336,1.0,3.299999713897705,3.299999713897705,0.08749999850988388,10.499999046325684,0.013084112666547298,0.5191110968589783,0.48088890314102173,0.48088890314102173,3.27062237884902e-16,0.8239402174949646,0.21134811639785767,0.42928943037986755,0.6225546598434448,0.4680361747741699,0.2912590801715851,0.2407047152519226,1.0,0.0,-0.47308623790740967
cifar10,classification,no_pos_constant,426,1,0,raw,interior_only,-0.0005875247297808528,4.969478301086738e-11,0.00881287083029747,6.030874584450618e-19,6.030874584450618e-19,3.8116482626443515e-20,1.938011383317839e-18,3.811648241480725e-08,7.766670023556799e-05,9.622294280808852e-19,1.2389215494441538e-14,8.673617344356899e-07,0.00028195587219670415,7.405214273603633e-05,4.105904167772678e-07,3.908548387698829e-05,0.0001006345555651933,7.02049055689713e-06,1.6499654520885088e-05,5.556536279982538e-07,0.0,-0.30836546421051025
cifar10,classification,no_pos_constant,426,1,0,raw,reflect_padding,-0.0005875247297808528,4.969478301086738e-11,0.00881287083029747,7.928228386300251e-19,7.928228386300251e-19,3.8116482626443515e-20,2.3174821436877657e-18,3.811648241480725e-08,7.766670023556799e-05,9.622294280808852e-19,1.2389215494441538e-14,8.673617344356899e-07,0.00028195587219670415,7.405214273603633e-05,4.105904167772678e-07,3.908548387698829e-05,0.0001006345555651933,7.02049055689713e-06,1.6499654520885088e-05,5.556536279982538e-07,0.0,-0.30836546421051025
cifar10,classification,no_pos_constant,426,1,0,centered,interior_only,4.1392115429639276e-12,4.952210169717475e-11,7.454217798574803e-10,6.030874584450618e-19,6.030874584450618e-19,3.8116482626443515e-20,1.938011383317839e-18,3.811648241480725e-08,3.8194033393809776e-19,1.737132665360262e-19,1.7371326066495385e-07,1.2325951593591212e-20,0.0002819558430928737,7.405213546007872e-05,4.105903883555584e-07,3.908548387698829e-05,0.00010063454101327807,7.02049055689713e-06,1.649965633987449e-05,5.517986778613704e-07,0.0,-0.30836546421051025
cifar10,classification,no_pos_constant,426,1,0,centered,reflect_padding,4.1392115429639276e-12,4.952210169717475e-11,7.454217798574803e-10,7.928228386300251e-19,7.928228386300251e-19,3.8116482626443515e-20,2.3174821436877657e-18,3.811648241480725e-08,3.8194033393809776e-19,1.737132665360262e-19,1.7371326066495385e-07,1.2325951593591212e-20,0.0002819558430928737,7.405213546007872e-05,4.105903883555584e-07,3.908548387698829e-05,0.00010063454101327807,7.02049055689713e-06,1.649965633987449e-05,5.517986778613704e-07,0.0,-0.30836546421051025
cifar10,classification,no_pos_constant,426,1,0,normalized,interior_only,0.005552845075726509,0.06643500924110413,1.0,1.0853660106658936,1.0853660106658936,0.06859756261110306,3.487804651260376,0.03063308075070381,0.6873712539672852,0.31262874603271484,0.31262874603271484,1.4310130629449793e-16,0.6090360879898071,0.5964504480361938,0.7440946698188782,0.31481271982192993,0.8105577826499939,0.056546296924352646,0.13289590179920197,1.0,0.0,-0.30836546421051025
cifar10,classification,no_pos_constant,426,1,0,normalized,reflect_padding,0.005552845075726509,0.06643500924110413,1.0,1.4268293380737305,1.42682945728302,0.06859756261110306,4.170732021331787,0.023474177345633507,0.6873712539672852,0.31262874603271484,0.31262874603271484,1.4310130629449793e-16,0.6090360879898071,0.5964504480361938,0.7440946698188782,0.31481271982192993,0.8105577826499939,0.056546296924352646,0.13289590179920197,1.0,0.0,-0.30836546421051025
cifar10,classification,no_pos_constant,426,1,1,raw,interior_only,-2.1559035303653218e-05,3.895639453382893e-12,0.0003233854949939996,1.6014216659026616e-21,1.6014216659026616e-21,3.052296460320672e-22,4.711620769102046e-21,3.0522964711288125e-10,1.0457823407250544e-07,4.658681209898652e-21,4.454733633298298e-14,7.444625538255423e-08,2.2526301108882762e-06,2.996026182700007e-07,2.384163977353637e-09,3.968482360505732e-07,5.363551736081718e-07,1.4072394094455376e-07,1.6760065335574836e-08,3.4146014904479216e-09,0.0,-0.781262993812561
cifar10,classification,no_pos_constant,426,1,1,raw,reflect_padding,-2.1559035303653218e-05,3.895639453382893e-12,0.0003233854949939996,1.9190590211230242e-21,1.9190590211230242e-21,3.052296460320672e-22,5.982170189983496e-21,3.0522964711288125e-10,1.0457823407250544e-07,4.658681209898652e-21,4.454733633298298e-14,7.444625538255423e-08,2.2526301108882762e-06,2.996026182700007e-07,2.384163977353637e-09,3.968482360505732e-07,5.363551736081718e-07,1.4072394094455376e-07,1.6760065335574836e-08,3.4146014904479216e-09,0.0,-0.781262993812561
cifar10,classification,no_pos_constant,426,1,1,centered,interior_only,-1.2126596385039767e-12,3.702088982593388e-12,5.843459049970079e-11,1.6014216659026616e-21,1.6014216659026616e-21,3.052296460320672e-22,4.711620769102046e-21,3.0522964711288125e-10,1.6508319750120669e-21,1.7637693916584396e-21,1.7637693527916554e-09,5.085658776037579e-22,2.2526301108882762e-06,2.996026182700007e-07,2.384163977353637e-09,3.968481792071543e-07,5.363551167647529e-07,1.4072394094455376e-07,1.6760065335574836e-08,3.0837292719354537e-09,0.0,-0.36991727352142334
cifar10,classification,no_pos_constant,426,1,1,centered,reflect_padding,-1.2126596385039767e-12,3.702088982593388e-12,5.843459049970079e-11,1.9190590211230242e-21,1.9190590211230242e-21,3.052296460320672e-22,5.982170189983496e-21,3.0522964711288125e-10,1.6508319750120669e-21,1.7637693916584396e-21,1.7637693527916554e-09,5.085658776037579e-22,2.2526301108882762e-06,2.996026182700007e-07,2.384163977353637e-09,3.968481792071543e-07,5.363551167647529e-07,1.4072394094455376e-07,1.6760065335574836e-08,3.0837292719354537e-09,0.0,-0.36991727352142334
cifar10,classification,no_pos_constant,426,1,1,normalized,interior_only,-0.020752428099513054,0.06335441023111343,1.0,0.4689922630786896,0.4689922630786896,0.08938954025506973,1.3798450231552124,0.0870077833533287,0.4834626317024231,0.5165375471115112,0.5165374875068665,1.495976969518697e-15,0.6261177659034729,0.4318040907382965,0.77314293384552,0.5719599723815918,0.7730252146720886,0.20281928777694702,0.024155551567673683,1.0,0.0,-0.3699173927307129
cifar10,classification,no_pos_constant,426,1,1,normalized,reflect_padding,-0.020752428099513054,0.06335441023111343,1.0,0.5620155930519104,0.5620155334472656,0.08938953280448914,1.7519378662109375,0.07366739213466644,0.4834626317024231,0.5165375471115112,0.5165374875068665,1.495976969518697e-15,0.6261177659034729,0.4318040907382965,0.77314293384552,0.5719599723815918,0.7730252146720886,0.20281928777694702,0.024155551567673683,1.0,0.0,-0.3699173927307129
cifar10,classification,no_pos_constant,426,1,2,raw,interior_only,-0.0012295717606320977,1.5999755687001738e-10,0.018443575128912926,7.345469718589293e-18,7.345469718589293e-18,1.0808140406964872e-18,2.2822455730819868e-17,1.080814058695978e-06,0.00034016548306681216,8.036648603548802e-18,2.362570046283291e-14,8.458131924271584e-05,0.0024375414941459894,0.00024816978839226067,2.858178959286306e-06,0.0008255658322013915,0.0006539923488162458,0.0004427483363542706,0.00011463848204584792,5.759824034612393e-06,0.0,-0.05726027488708496
cifar10,classification,no_pos_constant,426,1,2,raw,reflect_padding,-0.0012295717606320977,1.5999755687001738e-10,0.018443575128912926,7.995991022080595e-18,7.995991022080595e-18,1.0808140406964872e-18,2.4123498337802474e-17,1.080814058695978e-06,0.00034016548306681216,8.036648603548802e-18,2.362570046283291e-14,8.458131924271584e-05,0.0024375414941459894,0.00024816978839226067,2.858178959286306e-06,0.0008255658322013915,0.0006539923488162458,0.0004427483363542706,0.00011463848204584792,5.759824034612393e-06,0.0,-0.05726027488708496
cifar10,classification,no_pos_constant,426,1,2,centered,interior_only,-4.087471333624748e-11,1.54688317710594e-10,2.399963339172473e-09,7.345469718589293e-18,7.345469718589293e-18,1.0808140406964872e-18,2.2822455730819868e-17,1.080814058695978e-06,2.09064316353643e-18,3.6691812913831185e-18,3.6691812965727877e-06,9.98402036267829e-19,0.0024375414941459894,0.00024816978839226067,2.8581782771652797e-06,0.0008255657739937305,0.0006539923488162458,0.0004427483072504401,0.00011463848204584792,5.3839071370020974e-06,0.0,-0.3537592887878418
cifar10,classification,no_pos_constant,426,1,2,centered,reflect_padding,-4.087471333624748e-11,1.54688317710594e-10,2.399963339172473e-09,7.995991022080595e-18,7.995991022080595e-18,1.0808140406964872e-18,2.4123498337802474e-17,1.080814058695978e-06,2.09064316353643e-18,3.6691812913831185e-18,3.6691812965727877e-06,9.98402036267829e-19,0.0024375414941459894,0.00024816978839226067,2.8581782771652797e-06,0.0008255657739937305,0.0006539923488162458,0.0004427483072504401,0.00011463848204584792,5.3839071370020974e-06,0.0,-0.3537592887878418
cifar10,classification,no_pos_constant,426,1,2,normalized,interior_only,-0.017031390219926834,0.06445445120334625,1.0,1.2752941846847534,1.2752940654754639,0.18764705955982208,3.962352752685547,0.06852846592664719,0.3629699647426605,0.6370300054550171,0.6370300054550171,1.0145951224625142e-15,0.7711771130561829,0.2048654854297638,0.5308745503425598,0.6815089583396912,0.5398741364479065,0.3654911518096924,0.09463469684123993,1.0,0.0,-0.35375916957855225
cifar10,classification,no_pos_constant,426,1,2,normalized,reflect_padding,-0.017031390219926834,0.06445445120334625,1.0,1.388235330581665,1.388235330581665,0.1876470446586609,4.188235282897949,0.06330620497465134,0.3629699647426605,0.6370300054550171,0.6370300054550171,1.0145951224625142e-15,0.7711771130561829,0.2048654854297638,0.5308745503425598,0.6815089583396912,0.5398741364479065,0.3654911518096924,0.09463469684123993,1.0,0.0,-0.35375916957855225
cifar10,classification,no_pos_constant,426,1,3,raw,interior_only,0.0006358876707963645,1.2277386052250705e-10,0.009538316167891026,1.1384122811097797e-18,1.1384122811097797e-18,1.5670109524204556e-19,3.9302328752599536e-18,1.5670109121401765e-07,9.097943984670565e-05,2.605473345754228e-18,2.8638038257000967e-14,2.5644769266364165e-05,0.001407950883731246,0.0003224110114388168,2.729123934841482e-06,0.0003680324589367956,0.000677644507959485,4.0163842641049996e-05,1.963893555512186e-05,3.391519840079127e-06,0.0,-0.10894191265106201
cifar10,classification,no_pos_constant,426,1,3,raw,reflect_padding,0.0006358876707963645,1.2277386052250705e-10,0.009538316167891026,1.328147661294743e-18,1.328147661294743e-18,1.5670109524204556e-19,4.30970363562988e-18,1.5670109121401765e-07,9.097943984670565e-05,2.605473345754228e-18,2.8638038257000967e-14,2.5644769266364165e-05,0.001407950883731246,0.0003224110114388168,2.729123934841482e-06,0.0003680324589367956,0.000677644507959485,4.0163842641049996e-05,1.963893555512186e-05,3.391519840079127e-06,0.0,-0.10894191265106201
cifar10,classification,no_pos_constant,426,1,3,centered,interior_only,2.2506961572243966e-11,1.2069324706320828e-10,1.8416079772265448e-09,1.1384122811097797e-18,1.1384122811097797e-18,1.5670109524204556e-19,3.9302328752599536e-18,1.5670109121401765e-07,1.7558200971145127e-18,1.6356997202941293e-18,1.6356997321054223e-06,8.645499442911827e-19,0.0014079507673159242,0.00032241098233498633,2.7291232527204556e-06,0.00036803242983296514,0.0006776444497518241,4.0163842641049996e-05,1.963893555512186e-05,3.2775431009213207e-06,0.0,-0.10894191265106201
cifar10,classification,no_pos_constant,426,1,3,centered,reflect_padding,2.2506961572243966e-11,1.2069324706320828e-10,1.8416079772265448e-09,1.328147661294743e-18,1.328147661294743e-18,1.5670109524204556e-19,4.30970363562988e-18,1.5670109121401765e-07,1.7558200971145127e-18,1.6356997202941293e-18,1.6356997321054223e-06,8.645499442911827e-19,0.0014079507673159242,0.00032241098233498633,2.7291232527204556e-06,0.00036803242983296514,0.0006776444497518241,4.0163842641049996e-05,1.963893555512186e-05,3.2775431009213207e-06,0.0,-0.10894191265106201
cifar10,classification,no_pos_constant,426,1,3,normalized,interior_only,0.012221367098391056,0.06553687900304794,1.0,0.3356643319129944,0.3356643319129944,0.04620379954576492,1.1588411331176758,0.06439262628555298,0.5177090167999268,0.482291042804718,0.48229098320007324,2.4533925505416585e-16,0.576482355594635,0.4371987581253052,0.8326736092567444,0.49906274676322937,0.9189056158065796,0.05446333438158035,0.02663096971809864,1.0,0.0,-0.10894191265106201
cifar10,classification,no_pos_constant,426,1,3,normalized,reflect_padding,0.012221367098391056,0.06553687900304794,1.0,0.39160841703414917,0.39160841703414917,0.04620379954576492,1.2707293033599854,0.05570611357688904,0.5177090167999268,0.482291042804718,0.48229098320007324,2.4533925505416585e-16,0.576482355594635,0.4371987581253052,0.8326736092567444,0.49906274676322937,0.9189056158065796,0.05446333438158035,0.02663096971809864,1.0,0.0,-0.10894191265106201
cifar10,classification,no_pos_constant,426,1,4,raw,interior_only,0.00018021778669208288,3.211694105109686e-11,0.0027032666839659214,1.5966571055743561e-19,1.5966571055743561e-19,2.7316812548951186e-20,4.616329562535937e-19,2.7316811923583373e-08,7.307646228582598e-06,6.166399856011306e-19,8.438280456324332e-14,2.6536696168477647e-05,6.918494909768924e-05,5.268600489216624e-06,7.264124235462077e-08,2.0082305127289146e-05,7.108621502993628e-06,1.6233283531619236e-05,2.340980699955253e-06,2.3208703225918725e-07,0.0,-0.10428488254547119
cifar10,classification,no_pos_constant,426,1,4,raw,reflect_padding,0.00018021778669208288,3.211694105109686e-11,0.0027032666839659214,1.9015889665859043e-19,1.9015889665859043e-19,2.7316812548951186e-20,5.632769099241097e-19,2.7316811923583373e-08,7.307646228582598e-06,6.166399856011306e-19,8.438280456324332e-14,2.6536696168477647e-05,6.918494909768924e-05,5.268600489216624e-06,7.264124235462077e-08,2.0082305127289146e-05,7.108621502993628e-06,1.6233283531619236e-05,2.340980699955253e-06,2.3208703225918725e-07,0.0,-0.10428488254547119
cifar10,classification,no_pos_constant,426,1,4,centered,interior_only,-2.289501400964955e-11,2.2523682571828907e-11,4.817541365831346e-10,1.5966571055743561e-19,1.5966571055743561e-19,2.7316812548951186e-20,4.616329562535937e-19,2.7316811923583373e-08,1.4283233952273715e-19,8.925467510024407e-20,8.925467653853048e-08,3.900007954171207e-21,6.918494909768924e-05,5.268600489216624e-06,7.264126367090284e-08,2.0082305127289146e-05,7.108620593498927e-06,1.623328535060864e-05,2.340980699955253e-06,1.1414615386229343e-07,0.0,-0.25213420391082764
cifar10,classification,no_pos_constant,426,1,4,centered,reflect_padding,-2.289501400964955e-11,2.2523682571828907e-11,4.817541365831346e-10,1.9015889665859043e-19,1.9015889665859043e-19,2.7316812548951186e-20,5.632769099241097e-19,2.7316811923583373e-08,1.4283233952273715e-19,8.925467510024407e-20,8.925467653853048e-08,3.900007954171207e-21,6.918494909768924e-05,5.268600489216624e-06,7.264126367090284e-08,2.0082305127289146e-05,7.108620593498927e-06,1.623328535060864e-05,2.340980699955253e-06,1.1414615386229343e-07,0.0,-0.25213420391082764
cifar10,classification,no_pos_constant,426,1,4,normalized,interior_only,-0.04752426967024803,0.04675348103046417,1.0,0.6879561543464661,0.6879561543464661,0.1177007183432579,1.9890509843826294,0.078802689909935,0.615425705909729,0.38457414507865906,0.38457414507865906,2.427910358416901e-16,0.7406781315803528,0.20514048635959625,0.6363882422447205,0.7819332480430603,0.27678433060646057,0.6320661306381226,0.09114942699670792,1.0,0.0,-0.2521343231201172
cifar10,classification,no_pos_constant,426,1,4,normalized,reflect_padding,-0.04752426967024803,0.04675348103046417,1.0,0.8193429708480835,0.8193430304527283,0.1177007257938385,2.4270071983337402,0.06701299548149109,0.615425705909729,0.38457414507865906,0.38457414507865906,2.427910358416901e-16,0.7406781315803528,0.20514048635959625,0.6363882422447205,0.7819332480430603,0.27678433060646057,0.6320661306381226,0.09114942699670792,1.0,0.0,-0.2521343231201172
cifar10,classification,no_pos_constant,426,1,5,raw,interior_only,-0.0009075605194084346,1.4933665415384212e-10,0.01361340656876564,2.134523027080837e-18,2.134523027080837e-18,3.4135427774348304e-19,6.247715018947719e-18,3.4135427995352075e-07,0.0001853248686529696,5.288873722655851e-18,2.853839330108597e-14,4.480804273043759e-05,0.0020081927068531513,0.00041422355570830405,4.355103101261193e-06,0.0007004624349065125,0.0010157455690205097,3.551153349690139e-05,3.294506313977763e-05,5.01782324136002e-06,0.0,0.03340280055999756
cifar10,classification,no_pos_constant,426,1,5,raw,reflect_padding,-0.0009075605194084346,1.4933665415384212e-10,0.01361340656876564,2.812149384884277e-18,2.812149384884277e-18,3.4135427774348304e-19,7.982438494924526e-18,3.4135427995352075e-07,0.0001853248686529696,5.288873722655851e-18,2.853839330108597e-14,4.480804273043759e-05,0.0020081927068531513,0.00041422355570830405,4.355103101261193e-06,0.0007004624349065125,0.0010157455690205097,3.551153349690139e-05,3.294506313977763e-05,5.01782324136002e-06,0.0,0.03340280055999756
cifar10,classification,no_pos_constant,426,1,5,centered,interior_only,2.9750583940835185e-11,1.4634322920148435e-10,2.2400499233299342e-09,2.134523027080837e-18,2.134523027080837e-18,3.4135427774348304e-19,6.247715018947719e-18,3.4135427995352075e-07,1.9046571862730166e-18,3.1131659932614586e-18,3.1131660307437414e-06,1.6301071521726583e-18,0.0020081927068531513,0.0004142235266044736,4.355103101261193e-06,0.0007004624349065125,0.001015745452605188,3.551153349690139e-05,3.294506313977763e-05,4.8186761887336615e-06,0.0,0.03340280055999756
cifar10,classification,no_pos_constant,426,1,5,centered,reflect_padding,2.9750583940835185e-11,1.4634322920148435e-10,2.2400499233299342e-09,2.812149384884277e-18,2.812149384884277e-18,3.4135427774348304e-19,7.982438494924526e-18,3.4135427995352075e-07,1.9046571862730166e-18,3.1131659932614586e-18,3.1131660307437414e-06,1.6301071521726583e-18,0.0020081927068531513,0.0004142235266044736,4.355103101261193e-06,0.0007004624349065125,0.001015745452605188,3.551153349690139e-05,3.294506313977763e-05,4.8186761887336615e-06,0.0,0.03340280055999756
cifar10,classification,no_pos_constant,426,1,5,normalized,interior_only,0.01328121405094862,0.06533034145832062,1.0,0.4253882169723511,0.4253882169723511,0.06802834570407867,1.2451045513153076,0.07404004782438278,0.3795783221721649,0.6204215288162231,0.6204215884208679,1.7367290911772277e-16,0.5907084941864014,0.38205376267433167,0.9037968516349792,0.6460624933242798,0.9368599653244019,0.032753605395555496,0.03038645349442959,1.0,0.0,0.03340274095535278
cifar10,classification,no_pos_constant,426,1,5,normalized,reflect_padding,0.01328121405094862,0.06533034145832062,1.0,0.5604320764541626,0.5604320764541626,0.06802834570407867,1.590816855430603,0.05721992999315262,0.3795783221721649,0.6204215288162231,0.6204215884208679,1.7367290911772277e-16,0.5907084941864014,0.38205376267433167,0.9037968516349792,0.6460624933242798,0.9368599653244019,0.032753605395555496,0.03038645349442959,1.0,0.0,0.03340274095535278
cifar10,classification,no_pos_constant,426,1,6,raw,interior_only,0.0016551773296669126,2.3035988394592977e-10,0.024827657267451286,6.5052130349130266e-18,6.5052130349130266e-18,8.91078660511524e-19,1.962405932198763e-17,8.910786846172414e-07,0.0006164127844385803,2.722702705654223e-17,4.417012545651633e-14,1.6398557818320114e-06,0.004639398772269487,0.00109149853233248,8.763619916862808e-06,0.0015411393251270056,0.0021268140990287066,0.00045769070857204497,0.00010030491830548272,1.1939776413782965e-05,0.0,-0.3697164058685303
cifar10,classification,no_pos_constant,426,1,6,raw,reflect_padding,0.0016551773296669126,2.3035988394592977e-10,0.024827657267451286,9.215718466126788e-18,9.215718466126788e-18,8.91078660511524e-19,2.656295322589486e-17,8.910786846172414e-07,0.0006164127844385803,2.722702705654223e-17,4.417012545651633e-14,1.6398557818320114e-06,0.004639398772269487,0.00109149853233248,8.763619916862808e-06,0.0015411393251270056,0.0021268140990287066,0.00045769070857204497,0.00010030491830548272,1.1939776413782965e-05,0.0,-0.3697164058685303
cifar10,classification,no_pos_constant,426,1,6,centered,interior_only,5.691415654734966e-12,2.3028956519510757e-10,3.4553981898000075e-09,6.5052130349130266e-18,6.5052130349130266e-18,8.91078660511524e-19,1.962405932198763e-17,8.910786846172414e-07,5.0902693119430945e-18,6.849507939734136e-18,6.849507826700574e-06,4.0492678489449995e-20,0.004639398772269487,0.0010914982995018363,8.763619916862808e-06,0.001541139092296362,0.002126813866198063,0.00045769070857204497,0.0001003049110295251,1.1932487723242957e-05,0.0,-0.3697166442871094
cifar10,classification,no_pos_constant,426,1,6,centered,reflect_padding,5.691415654734966e-12,2.3028956519510757e-10,3.4553981898000075e-09,9.215718466126788e-18,9.215718466126788e-18,8.91078660511524e-19,2.656295322589486e-17,8.910786846172414e-07,5.0902693119430945e-18,6.849507939734136e-18,6.849507826700574e-06,4.0492678489449995e-20,0.004639398772269487,0.0010914982995018363,8.763619916862808e-06,0.001541139092296362,0.002126813866198063,0.00045769070857204497,0.0001003049110295251,1.1932487723242957e-05,0.0,-0.3697166442871094
cifar10,classification,no_pos_constant,426,1,6,normalized,interior_only,0.0016471088165417314,0.06664631515741348,1.0,0.5448353886604309,0.5448353886604309,0.07463109493255615,1.6435867547988892,0.06409943848848343,0.4263285994529724,0.573671281337738,0.573671281337738,4.172051517278196e-17,0.634053647518158,0.4065459072589874,0.7344337701797485,0.5740216970443726,0.7921656370162964,0.17047417163848877,0.037360161542892456,1.0,0.0,-0.3697165250778198
cifar10,classification,no_pos_constant,426,1,6,normalized,reflect_padding,0.0016471088165417314,0.06664631515741348,1.0,0.7718501687049866,0.7718501687049866,0.07463109493255615,2.2247445583343506,0.04611607640981674,0.4263285994529724,0.573671281337738,0.573671281337738,4.172051517278196e-17,0.634053647518158,0.4065459072589874,0.7344337701797485,0.5740216970443726,0.7921656370162964,0.17047417163848877,0.037360161542892456,1.0,0.0,-0.3697165250778198
cifar10,classification,no_pos_constant,426,1,7,raw,interior_only,-7.386435754597187e-05,7.999877670028521e-12,0.0011079654796048999,5.082197683525802e-21,5.082197683525802e-21,3.5734202462290796e-22,1.4823076576950256e-20,3.5734201708770286e-10,1.2275877452339046e-06,1.7364175418713157e-20,1.4144958093004461e-14,2.898758566516335e-06,1.2638075759241474e-06,2.0464582917156804e-08,3.0361393954514426e-10,2.687212656837801e-07,8.779792892710248e-08,1.4311359564089798e-07,1.1023102075569113e-07,1.4399559766786751e-08,0.0,0.03366917371749878
cifar10,classification,no_pos_constant,426,1,7,raw,reflect_padding,-7.386435754597187e-05,7.999877670028521e-12,0.0011079654796048999,5.082197683525802e-21,5.082197683525802e-21,3.5734202462290796e-22,1.4823076576950256e-20,3.5734201708770286e-10,1.2275877452339046e-06,1.7364175418713157e-20,1.4144958093004461e-14,2.898758566516335e-06,1.2638075759241474e-06,2.0464582917156804e-08,3.0361393954514426e-10,2.687212656837801e-07,8.779792892710248e-08,1.4311359564089798e-07,1.1023102075569113e-07,1.4399559766786751e-08,0.0,0.03366917371749878
cifar10,classification,no_pos_constant,426,1,7,centered,interior_only,-7.566995641195007e-12,2.595884661740766e-12,1.1999816418306608e-10,5.082197683525802e-21,5.082197683525802e-21,3.5734202462290796e-22,1.4823076576950256e-20,3.5734201708770286e-10,1.3205242969147946e-20,1.1943165283299845e-21,1.1943165345584816e-09,3.900007954171207e-21,1.2638075759241474e-06,2.0464581140799964e-08,3.036139950562955e-10,2.687212656837801e-07,8.779792182167512e-08,1.4311359564089798e-07,1.1023102075569113e-07,1.5161890631887331e-09,0.0,0.019589364528656006
cifar10,classification,no_pos_constant,426,1,7,centered,reflect_padding,-7.566995641195007e-12,2.595884661740766e-12,1.1999816418306608e-10,5.082197683525802e-21,5.082197683525802e-21,3.5734202462290796e-22,1.4823076576950256e-20,3.5734201708770286e-10,1.3205242969147946e-20,1.1943165283299845e-21,1.1943165345584816e-09,3.900007954171207e-21,1.2638075759241474e-06,2.0464581140799964e-08,3.036139950562955e-10,2.687212656837801e-07,8.779792182167512e-08,1.4311359564089798e-07,1.1023102075569113e-07,1.5161890631887331e-09,0.0,0.019589364528656006
cifar10,classification,no_pos_constant,426,1,7,normalized,interior_only,-0.0630592629313469,0.02163270302116871,1.0000001192092896,0.35294121503829956,0.35294121503829956,0.024816181510686874,1.029411792755127,0.03396226838231087,0.9170588254928589,0.08294118940830231,0.0829411968588829,1.2830897436655504e-14,0.9529655575752258,0.05998837202787399,0.20024807751178741,0.7877095341682434,0.25736433267593384,0.4195125997066498,0.3231230676174164,1.0,0.0,0.019589364528656006
cifar10,classification,no_pos_constant,426,1,7,normalized,reflect_padding,-0.0630592629313469,0.02163270302116871,1.0000001192092896,0.35294121503829956,0.35294121503829956,0.024816181510686874,1.0294119119644165,0.03396226838231087,0.9170588254928589,0.08294118940830231,0.0829411968588829,1.2830897436655504e-14,0.9529655575752258,0.05998837202787399,0.20024807751178741,0.7877095341682434,0.25736433267593384,0.4195125997066498,0.3231230676174164,1.0,0.0,0.019589364528656006
cifar10,classification,no_pos_constant,426,2,0,raw,interior_only,0.0003757644153665751,5.910617828508435e-11,0.0056364648044109344,1.6601845766184287e-19,1.6601845766184287e-19,7.623296525288703e-21,4.946672411965114e-19,7.623296660597134e-09,3.176974132657051e-05,2.778268066994105e-19,8.745012939975153e-15,0.00010495077003724873,0.00016507312830071896,5.008039443055168e-05,2.5958581773011247e-07,1.5605735825374722e-05,6.275063788052648e-05,5.486946974997409e-06,3.6721248761750758e-06,7.860465984776965e-07,0.0,-0.05190598964691162
cifar10,classification,no_pos_constant,426,2,0,raw,reflect_padding,0.0003757644153665751,5.910617828508435e-11,0.0056364648044109344,3.4220131069073734e-19,3.4220131069073734e-19,7.623296525288703e-21,9.75781955236954e-19,7.623296660597134e-09,3.176974132657051e-05,2.778268066994105e-19,8.745012939975153e-15,0.00010495077003724873,0.00016507312830071896,5.008039443055168e-05,2.5958581773011247e-07,1.5605735825374722e-05,6.275063788052648e-05,5.486946974997409e-06,3.6721248761750758e-06,7.860465984776965e-07,0.0,-0.05190598964691162
cifar10,classification,no_pos_constant,426,2,0,centered,interior_only,-4.553132523787973e-11,3.768870632248067e-11,8.865926881540531e-10,1.6601845766184287e-19,1.6601845766184287e-19,7.623296525288703e-21,4.946672411965114e-19,7.623296660597134e-09,7.166877391833608e-19,6.935882940628141e-20,6.935882623793077e-08,2.77333916914254e-20,0.00016507312830071896,5.008039443055168e-05,2.5958581773011247e-07,1.5605735825374722e-05,6.275063788052648e-05,5.486946974997409e-06,3.6721253309224267e-06,3.1959874036147085e-07,0.0,-0.24742794036865234
cifar10,classification,no_pos_constant,426,2,0,centered,reflect_padding,-4.553132523787973e-11,3.768870632248067e-11,8.865926881540531e-10,3.4220131069073734e-19,3.4220131069073734e-19,7.623296525288703e-21,9.75781955236954e-19,7.623296660597134e-09,7.166877391833608e-19,6.935882940628141e-20,6.935882623793077e-08,2.77333916914254e-20,0.00016507312830071896,5.008039443055168e-05,2.5958581773011247e-07,1.5605735825374722e-05,6.275063788052648e-05,5.486946974997409e-06,3.6721253309224267e-06,3.1959874036147085e-07,0.0,-0.24742794036865234
cifar10,classification,no_pos_constant,426,2,0,normalized,interior_only,-0.05135541036725044,0.04250960797071457,0.9999998807907104,0.21120688319206238,0.21120688319206238,0.009698275476694107,0.6293103098869324,0.02244389057159424,0.9117622971534729,0.08823753148317337,0.08823753893375397,2.2368837400313195e-14,0.5326778888702393,0.6964342594146729,0.8122244477272034,0.21701844036579132,0.8726308345794678,0.07630328088998795,0.05106577277183533,1.0,0.0,-0.2474278211593628
cifar10,classification,no_pos_constant,426,2,0,normalized,reflect_padding,-0.05135541036725044,0.04250960797071457,0.9999998807907104,0.43534478545188904,0.4353448152542114,0.009698275476694107,1.2413791418075562,0.01101591158658266,0.9117622971534729,0.08823753148317337,0.08823753893375397,2.2368837400313195e-14,0.5326778888702393,0.6964342594146729,0.8122244477272034,0.21701844036579132,0.8726308345794678,0.07630328088998795,0.05106577277183533,1.0,0.0,-0.2474278211593628
cifar10,classification,no_pos_constant,426,2,1,raw,interior_only,-0.0007287194603122771,1.0390787535952128e-10,0.010930792428553104,1.5111067779016718e-18,1.5111067779016718e-18,2.39710324072967e-19,4.675621868843738e-18,2.3971031737346493e-07,0.00011948223982471973,5.112690869626957e-18,4.279039010060201e-14,1.7923217683346593e-06,0.0011290835682302713,0.0001872525899671018,1.5298683138098568e-06,0.0003519049205351621,0.0004328147624619305,9.365365986013785e-05,1.8329677914152853e-05,2.4292905891343253e-06,0.0,-0.2859548330307007
cifar10,classification,no_pos_constant,426,2,1,raw,reflect_padding,-0.0007287194603122771,1.0390787535952128e-10,0.010930792428553104,1.6737371037744975e-18,1.6737371037744975e-18,2.39710324072967e-19,5.000882520589389e-18,2.3971031737346493e-07,0.00011948223982471973,5.112690869626957e-18,4.279039010060201e-14,1.7923217683346593e-06,0.0011290835682302713,0.0001872525899671018,1.5298683138098568e-06,0.0003519049205351621,0.0004328147624619305,9.365365986013785e-05,1.8329677914152853e-05,2.4292905891343253e-06,0.0,-0.2859548330307007
cifar10,classification,no_pos_constant,426,2,1,centered,interior_only,-5.950116267749994e-12,1.0373737285851448e-10,1.5586181234539254e-09,1.5111067779016718e-18,1.5111067779016718e-18,2.39710324072967e-19,4.675621868843738e-18,2.3971031737346493e-07,8.652686608459147e-19,1.5640219352769953e-18,1.5640218862245092e-06,3.774822569514403e-20,0.0011290835682302713,0.0001872525899671018,1.5298684274966945e-06,0.0003519049205351621,0.0004328147624619305,9.365365258418024e-05,1.8329679733142257e-05,2.421324779788847e-06,0.0,-0.2859548330307007
cifar10,classification,no_pos_constant,426,2,1,centered,reflect_padding,-5.950116267749994e-12,1.0373737285851448e-10,1.5586181234539254e-09,1.6737371037744975e-18,1.6737371037744975e-18,2.39710324072967e-19,5.000882520589389e-18,2.3971031737346493e-07,8.652686608459147e-19,1.5640219352769953e-18,1.5640218862245092e-06,3.774822569514403e-20,0.0011290835682302713,0.0001872525899671018,1.5298684274966945e-06,0.0003519049205351621,0.0004328147624619305,9.365365258418024e-05,1.8329679733142257e-05,2.421324779788847e-06,0.0,-0.2859548330307007
cifar10,classification,no_pos_constant,426,2,1,normalized,interior_only,-0.003817559452727437,0.06655727326869965,1.0,0.6220362186431885,0.6220362782478333,0.09867504239082336,1.9246861934661865,0.07348741590976715,0.35618162155151367,0.6438183784484863,0.6438183784484863,8.019903159228278e-17,0.6837913393974304,0.3437100946903229,0.6318311095237732,0.6459365487098694,0.7944497466087341,0.1719052642583847,0.0336449034512043,1.0,0.0,-0.28595471382141113
cifar10,classification,no_pos_constant,426,2,1,normalized,reflect_padding,-0.003817559452727437,0.06655727326869965,1.0,0.688981831073761,0.6889817714691162,0.09867503494024277,2.058577537536621,0.06682409346103668,0.35618162155151367,0.6438183784484863,0.6438183784484863,8.019903159228278e-17,0.6837913393974304,0.3437100946903229,0.6318311095237732,0.6459365487098694,0.7944497466087341,0.1719052642583847,0.0336449034512043,1.0,0.0,-0.28595471382141113
cifar10,classification,no_pos_constant,426,2,2,raw,interior_only,-0.00012077434075763449,1.4323763529444644e-11,0.001811615307815373,1.4081922748102743e-20,1.4081922748102743e-20,8.470329472543003e-22,4.425747149403719e-20,8.470329437848534e-10,3.281951421740814e-06,1.4632494163818038e-19,4.4584758248592676e-14,4.7645603444834705e-06,1.547001738799736e-05,4.164844995102612e-06,2.0876569806205225e-08,1.4007806612426066e-06,4.787845682585612e-06,4.153445161136915e-07,4.1899141933754436e-07,4.6163297184875773e-08,0.0,0.13650286197662354
cifar10,classification,no_pos_constant,426,2,2,raw,reflect_padding,-0.00012077434075763449,1.4323763529444644e-11,0.001811615307815373,2.72109334305444e-20,2.72109334305444e-20,8.470329472543003e-22,7.4750657595192e-20,8.470329437848534e-10,3.281951421740814e-06,1.4632494163818038e-19,4.4584758248592676e-14,4.7645603444834705e-06,1.547001738799736e-05,4.164844995102612e-06,2.0876569806205225e-08,1.4007806612426066e-06,4.787845682585612e-06,4.153445161136915e-07,4.1899141933754436e-07,4.6163297184875773e-08,0.0,0.13650286197662354
cifar10,classification,no_pos_constant,426,2,2,centered,interior_only,-9.701277108031814e-12,1.0538283787275837e-11,2.1485645207430792e-10,1.4081922748102743e-20,1.4081922748102743e-20,8.470329472543003e-22,4.425747149403719e-20,8.470329437848534e-10,3.993759829316143e-20,6.225692081539751e-21,6.225691961958546e-09,1.9259299516447562e-20,1.547001738799736e-05,4.164844995102612e-06,2.0876573358918904e-08,1.4007807749294443e-06,4.787845682585612e-06,4.1534445927027264e-07,4.189914477592538e-07,2.4987471647364146e-08,0.0,-0.1462794542312622
cifar10,classification,no_pos_constant,426,2,2,centered,reflect_padding,-9.701277108031814e-12,1.0538283787275837e-11,2.1485645207430792e-10,2.72109334305444e-20,2.72109334305444e-20,8.470329472543003e-22,7.4750657595192e-20,8.470329437848534e-10,3.993759829316143e-20,6.225692081539751e-21,6.225691961958546e-09,1.9259299516447562e-20,1.547001738799736e-05,4.164844995102612e-06,2.0876573358918904e-08,1.4007807749294443e-06,4.787845682585612e-06,4.1534445927027264e-07,4.189914477592538e-07,2.4987471647364146e-08,0.0,-0.1462794542312622
cifar10,classification,no_pos_constant,426,2,2,normalized,interior_only,-0.045152366161346436,0.04904802143573761,1.0,0.3050459027290344,0.3050459027290344,0.01834862492978573,0.9587157368659973,0.029197078198194504,0.8651376366615295,0.13486239314079285,0.13486239314079285,3.5734541275469697e-16,0.517755925655365,0.7407881021499634,0.8354817628860474,0.2491525411605835,0.8515992760658264,0.07387605309486389,0.07452469319105148,1.0,0.0,-0.1462794542312622
cifar10,classification,no_pos_constant,426,2,2,normalized,reflect_padding,-0.045152366161346436,0.04904802143573761,1.0,0.5894496440887451,0.5894495844841003,0.01834862306714058,1.619266152381897,0.015325668267905712,0.8651376366615295,0.13486239314079285,0.13486239314079285,3.5734541275469697e-16,0.517755925655365,0.7407881021499634,0.8354817628860474,0.2491525411605835,0.8515992760658264,0.07387605309486389,0.07452469319105148,1.0,0.0,-0.1462794542312622
cifar10,classification,no_pos_constant,426,2,3,raw,interior_only,0.0012019394198432565,2.816513133829801e-10,0.018029093742370605,4.960224939121183e-18,4.960224939121183e-18,5.082197683525802e-19,1.577514160966409e-17,5.082197844785696e-07,0.00032504816772416234,5.271933063710765e-18,1.6218927581719035e-14,0.0005807122215628624,0.005246143788099289,0.002581013599410653,1.3826150279783178e-05,0.0008159164572134614,0.0032544247806072235,0.00011053397611249238,7.028133404674008e-05,1.7848678908194415e-05,0.0,-0.2512091398239136
cifar10,classification,no_pos_constant,426,2,3,raw,reflect_padding,0.0012019394198432565,2.816513133829801e-10,0.018029093742370605,5.6107462426124854e-18,5.6107462426124854e-18,5.082197683525802e-19,1.7076184216646695e-17,5.082197844785696e-07,0.00032504816772416234,5.271933063710765e-18,1.6218927581719035e-14,0.0005807122215628624,0.005246143788099289,0.002581013599410653,1.3826150279783178e-05,0.0008159164572134614,0.0032544247806072235,0.00011053397611249238,7.028133404674008e-05,1.7848678908194415e-05,0.0,-0.2512091398239136
cifar10,classification,no_pos_constant,426,2,3,centered,interior_only,1.0710209802367032e-10,2.6049298829100564e-10,4.2247694231889454e-09,4.960224939121183e-18,4.960224939121183e-18,5.082197683525802e-19,1.577514160966409e-17,5.082197844785696e-07,1.4222381324836697e-17,3.626294871754388e-18,3.626294983405387e-06,3.993608145071316e-18,0.005246144253760576,0.002581013599410653,1.382615118927788e-05,0.0008159164572134614,0.0032544247806072235,0.00011053398338845,7.028132677078247e-05,1.5267736671376042e-05,0.0,-0.2512091398239136
cifar10,classification,no_pos_constant,426,2,3,centered,reflect_padding,1.0710209802367032e-10,2.6049298829100564e-10,4.2247694231889454e-09,5.6107462426124854e-18,5.6107462426124854e-18,5.082197683525802e-19,1.7076184216646695e-17,5.082197844785696e-07,1.4222381324836697e-17,3.626294871754388e-18,3.626294983405387e-06,3.993608145071316e-18,0.005246144253760576,0.002581013599410653,1.382615118927788e-05,0.0008159164572134614,0.0032544247806072235,0.00011053398338845,7.028132677078247e-05,1.5267736671376042e-05,0.0,-0.2512091398239136
cifar10,classification,no_pos_constant,426,2,3,normalized,interior_only,0.025350991636514664,0.06165851280093193,0.9999999403953552,0.27790433168411255,0.27790436148643494,0.028473803773522377,0.8838269114494324,0.0487329438328743,0.7968313694000244,0.2031688541173935,0.2031688243150711,1.153689976151389e-16,0.4787365794181824,0.7513341903686523,0.9055799245834351,0.23751360177993774,0.9473645091056824,0.032176483422517776,0.020458921790122986,1.0,0.0,-0.2512092590332031
cifar10,classification,no_pos_constant,426,2,3,normalized,reflect_padding,0.025350991636514664,0.06165851280093193,0.9999999403953552,0.31435081362724304,0.31435084342956543,0.028473805636167526,0.9567199349403381,0.04332755506038666,0.7968313694000244,0.2031688541173935,0.2031688243150711,1.153689976151389e-16,0.4787365794181824,0.7513341903686523,0.9055799245834351,0.23751360177993774,0.9473645091056824,0.032176483422517776,0.020458921790122986,1.0,0.0,-0.2512092590332031
cifar10,classification,no_pos_constant,426,2,4,raw,interior_only,-3.217637276975438e-05,4.94670016754073e-12,0.00048264555516652763,1.3499587596865412e-21,1.3499587596865412e-21,8.933550615572699e-23,4.817499887508833e-21,8.933550427192571e-11,2.3294677475860226e-07,4.711620769102046e-21,2.0226174386609244e-14,1.6601845231889456e-07,3.2188490877160802e-06,8.406205438404868e-07,4.247392215717127e-09,1.7634165772051347e-07,1.0009512152464595e-06,3.9474144841733505e-08,3.234183409972502e-08,5.505714106845971e-09,0.0,-0.22869157791137695
cifar10,classification,no_pos_constant,426,2,4,raw,reflect_padding,-3.217637276975438e-05,4.94670016754073e-12,0.00048264555516652763,3.044024654195142e-21,3.044024654195142e-21,8.933550615572699e-23,8.205631676526035e-21,8.933550427192571e-11,2.3294677475860226e-07,4.711620769102046e-21,2.0226174386609244e-14,1.6601845231889456e-07,3.2188490877160802e-06,8.406205438404868e-07,4.247392215717127e-09,1.7634165772051347e-07,1.0009512152464595e-06,3.9474144841733505e-08,3.234183409972502e-08,5.505714106845971e-09,0.0,-0.22869157791137695
cifar10,classification,no_pos_constant,426,2,4,centered,interior_only,1.8109050500467183e-12,4.603309920747645e-12,7.420049991102573e-11,1.3499587596865412e-21,1.3499587596865412e-21,8.933550615572699e-23,4.817499887508833e-21,8.933550427192571e-11,4.7219734514560296e-21,7.8374080667111845e-22,7.837407944855102e-10,7.703719745994507e-22,3.2188490877160802e-06,8.406205438404868e-07,4.247392215717127e-09,1.763416861422229e-07,1.0009512152464595e-06,3.9474144841733505e-08,3.234183409972502e-08,4.767854555609574e-09,0.0,-0.22869157791137695
cifar10,classification,no_pos_constant,426,2,4,centered,reflect_padding,1.8109050500467183e-12,4.603309920747645e-12,7.420049991102573e-11,3.044024654195142e-21,3.044024654195142e-21,8.933550615572699e-23,8.205631676526035e-21,8.933550427192571e-11,4.7219734514560296e-21,7.8374080667111845e-22,7.837407944855102e-10,7.703719745994507e-22,3.2188490877160802e-06,8.406205438404868e-07,4.247392215717127e-09,1.763416861422229e-07,1.0009512152464595e-06,3.9474144841733505e-08,3.234183409972502e-08,4.767854555609574e-09,0.0,-0.22869157791137695
cifar10,classification,no_pos_constant,426,2,4,normalized,interior_only,0.02440556138753891,0.06203880161046982,1.0000001192092896,0.24519230425357819,0.24519230425357819,0.016225961968302727,0.875,0.03202847018837929,0.8576496839523315,0.14235042035579681,0.14235040545463562,2.6256143069322774e-15,0.4605509638786316,0.7836000919342041,0.8908393383026123,0.16438020765781403,0.9330554604530334,0.03679656982421875,0.03014805167913437,1.0,0.0,-0.2286916971206665
cifar10,classification,no_pos_constant,426,2,4,normalized,reflect_padding,0.02440556138753891,0.06203880161046982,1.0000001192092896,0.5528846383094788,0.5528846383094788,0.016225963830947876,1.490384578704834,0.014461705461144447,0.8576496839523315,0.14235042035579681,0.14235040545463562,2.6256143069322774e-15,0.4605509638786316,0.7836000919342041,0.8908393383026123,0.16438020765781403,0.9330554604530334,0.03679656982421875,0.03014805167913437,1.0,0.0,-0.2286916971206665
cifar10,classification,no_pos_constant,426,2,5,raw,interior_only,-0.0007080507348291576,1.081681480497032e-10,0.01062076073139906,1.0028870095490916e-18,1.0028870095490916e-18,6.013933925505532e-20,3.604972223514302e-18,6.013934239490482e-08,0.00011280056787654757,2.9036289431877416e-18,2.5741263504422407e-14,6.860967005195562e-06,0.0010659419931471348,0.0004721814766526222,2.4105543161567766e-06,0.00011058861127821729,0.0005533237708732486,1.1842278581752907e-05,2.030299583566375e-05,2.6325783437641803e-06,0.0,-0.1917933225631714
cifar10,classification,no_pos_constant,426,2,5,raw,reflect_padding,-0.0007080507348291576,1.081681480497032e-10,0.01062076073139906,1.1655173354219173e-18,1.1655173354219173e-18,6.013933925505532e-20,3.9302328752599536e-18,6.013934239490482e-08,0.00011280056787654757,2.9036289431877416e-18,2.5741263504422407e-14,6.860967005195562e-06,0.0010659419931471348,0.0004721814766526222,2.4105543161567766e-06,0.00011058861127821729,0.0005533237708732486,1.1842278581752907e-05,2.030299583566375e-05,2.6325783437641803e-06,0.0,-0.1917933225631714
cifar10,classification,no_pos_constant,426,2,5,centered,interior_only,1.1641532356165829e-11,1.0753986590117393e-10,1.622522227684442e-09,1.0028870095490916e-18,1.0028870095490916e-18,6.013933925505532e-20,3.604972223514302e-18,6.013934239490482e-08,2.1410734703516443e-18,4.915049297147212e-19,4.915049203191302e-07,2.77333916914254e-20,0.0010659419931471348,0.0004721814766526222,2.410554088783101e-06,0.00011058861127821729,0.0005533237708732486,1.184227949124761e-05,2.030299583566375e-05,2.6020852601504885e-06,0.0,-0.1917933225631714
cifar10,classification,no_pos_constant,426,2,5,centered,reflect_padding,1.1641532356165829e-11,1.0753986590117393e-10,1.622522227684442e-09,1.1655173354219173e-18,1.1655173354219173e-18,6.013933925505532e-20,3.9302328752599536e-18,6.013934239490482e-08,2.1410734703516443e-18,4.915049297147212e-19,4.915049203191302e-07,2.77333916914254e-20,0.0010659419931471348,0.0004721814766526222,2.410554088783101e-06,0.00011058861127821729,0.0005533237708732486,1.184227949124761e-05,2.030299583566375e-05,2.6020852601504885e-06,0.0,-0.1917933225631714
cifar10,classification,no_pos_constant,426,2,5,normalized,interior_only,0.007174958009272814,0.06627944111824036,1.0000001192092896,0.380952388048172,0.380952388048172,0.02284427359700203,1.369369387626648,0.029110291972756386,0.8132988810539246,0.1867009699344635,0.1867009848356247,1.02239206074199e-15,0.44527772068977356,0.8065009713172913,0.9263932704925537,0.18888886272907257,0.9450947642326355,0.02022698149085045,0.03467816114425659,1.0,0.0,-0.1917933225631714
cifar10,classification,no_pos_constant,426,2,5,normalized,reflect_padding,0.007174958009272814,0.06627944111824036,1.0000001192092896,0.4427284598350525,0.4427284598350525,0.02284427173435688,1.4929217100143433,0.025150546804070473,0.8132988810539246,0.1867009699344635,0.1867009848356247,1.02239206074199e-15,0.44527772068977356,0.8065009713172913,0.9263932704925537,0.18888886272907257,0.9450947642326355,0.02022698149085045,0.03467816114425659,1.0,0.0,-0.1917933225631714
cifar10,classification,no_pos_constant,426,2,6,raw,interior_only,-7.795463170623407e-05,1.6320073764619636e-11,0.0011693192645907402,1.4928955695357043e-20,1.4928955695357043e-20,2.7660919683773245e-21,4.7645603283054394e-20,2.766092022099542e-09,1.367307504551718e-06,6.945670167485263e-20,5.0798144716254073e-14,2.5622746306908084e-06,2.890873292926699e-05,6.6713805608742405e-06,4.1701653685777273e-08,4.331515356170712e-06,9.740756468090694e-06,1.0110934454132803e-06,1.6958128412625229e-07,5.992757934336623e-08,0.0,-0.4944322109222412
cifar10,classification,no_pos_constant,426,2,6,raw,reflect_padding,-7.795463170623407e-05,1.6320073764619636e-11,0.0011693192645907402,1.4928955695357043e-20,1.4928955695357043e-20,2.7660919683773245e-21,4.7645603283054394e-20,2.766092022099542e-09,1.367307504551718e-06,6.945670167485263e-20,5.0798144716254073e-14,2.5622746306908084e-06,2.890873292926699e-05,6.6713805608742405e-06,4.1701653685777273e-08,4.331515356170712e-06,9.740756468090694e-06,1.0110934454132803e-06,1.6958128412625229e-07,5.992757934336623e-08,0.0,-0.4944322109222412
cifar10,classification,no_pos_constant,426,2,6,centered,interior_only,7.114269676838925e-12,1.4687816934921827e-11,2.448010960609537e-10,1.4928955695357043e-20,1.4928955695357043e-20,2.7660919683773245e-21,4.7645603283054394e-20,2.766092022099542e-09,4.0676403058316265e-20,1.925117634433835e-20,1.9251176652801405e-08,3.2770902638724516e-21,2.890873292926699e-05,6.671381015621591e-06,4.1701646580349916e-08,4.331515356170712e-06,9.740757377585396e-06,1.011093559100118e-06,1.6958128412625229e-07,4.853969315377071e-08,0.0,0.11666947603225708
cifar10,classification,no_pos_constant,426,2,6,centered,reflect_padding,7.114269676838925e-12,1.4687816934921827e-11,2.448010960609537e-10,1.4928955695357043e-20,1.4928955695357043e-20,2.7660919683773245e-21,4.7645603283054394e-20,2.766092022099542e-09,4.0676403058316265e-20,1.925117634433835e-20,1.9251176652801405e-08,3.2770902638724516e-21,2.890873292926699e-05,6.671381015621591e-06,4.1701646580349916e-08,4.331515356170712e-06,9.740757377585396e-06,1.011093559100118e-06,1.6958128412625229e-07,4.853969315377071e-08,0.0,0.11666947603225708
cifar10,classification,no_pos_constant,426,2,6,normalized,interior_only,0.02906142733991146,0.05999898537993431,1.0,0.24911661446094513,0.24911662936210632,0.046157244592905045,0.7950530052185059,0.08478701114654541,0.6787593960762024,0.32124069333076477,0.32124069333076477,3.317075253863222e-16,0.5358247756958008,0.6108521223068237,0.8591246604919434,0.3966068625450134,0.8918938636779785,0.09257883578538895,0.015527387149631977,1.0,0.0,0.1166694164276123
cifar10,classification,no_pos_constant,426,2,6,normalized,reflect_padding,0.02906142733991146,0.05999898537993431,1.0,0.24911661446094513,0.24911661446094513,0.04615724831819534,0.7950530052185059,0.08478701859712601,0.6787593960762024,0.32124069333076477,0.32124069333076477,3.317075253863222e-16,0.5358247756958008,0.6108521223068237,0.8591246604919434,0.3966068625450134,0.8918938636779785,0.09257883578538895,0.015527387149631977,1.0,0.0,0.1166694164276123
cifar10,classification,no_pos_constant,426,2,7,raw,interior_only,-0.0010978186037391424,2.0073909201556717e-10,0.016467278823256493,3.496552006265752e-18,3.496552006265752e-18,4.1335207826009857e-19,1.1546753136970622e-17,4.133520690174919e-07,0.0002711713023018092,6.247715018947719e-18,2.3039738316515436e-14,5.7259429013356566e-05,0.003403314156457782,0.0010246902238577604,7.2866373557189945e-06,0.0008665486238896847,0.001831138040870428,0.00010001256305258721,5.158415297046304e-05,9.066640814126004e-06,0.0,-0.25805819034576416
cifar10,classification,no_pos_constant,426,2,7,raw,reflect_padding,-0.0010978186037391424,2.0073909201556717e-10,0.016467278823256493,3.496552006265752e-18,3.496552006265752e-18,4.1335207826009857e-19,1.1546753136970622e-17,4.133520690174919e-07,0.0002711713023018092,6.247715018947719e-18,2.3039738316515436e-14,5.7259429013356566e-05,0.003403314156457782,0.0010246902238577604,7.2866373557189945e-06,0.0008665486238896847,0.001831138040870428,0.00010001256305258721,5.158415297046304e-05,9.066640814126004e-06,0.0,-0.25805819034576416
cifar10,classification,no_pos_constant,426,2,7,centered,interior_only,-3.3631094437103215e-11,1.9790181993162292e-10,3.011086269211205e-09,3.496552006265752e-18,3.496552006265752e-18,4.1335207826009857e-19,1.1546753136970622e-17,4.133520690174919e-07,5.215313377962123e-18,3.8513268758576014e-18,3.851326709991554e-06,1.232595169052644e-18,0.003403313923627138,0.0010246902238577604,7.2866373557189945e-06,0.0008665486238896847,0.001831138040870428,0.00010001257032854483,5.158415297046304e-05,8.812153282633517e-06,0.0,0.2223772406578064
cifar10,classification,no_pos_constant,426,2,7,centered,reflect_padding,-3.3631094437103215e-11,1.9790181993162292e-10,3.011086269211205e-09,3.496552006265752e-18,3.496552006265752e-18,4.1335207826009857e-19,1.1546753136970622e-17,4.133520690174919e-07,5.215313377962123e-18,3.8513268758576014e-18,3.851326709991554e-06,1.232595169052644e-18,0.003403313923627138,0.0010246902238577604,7.2866373557189945e-06,0.0008665486238896847,0.001831138040870428,0.00010001257032854483,5.158415297046304e-05,8.812153282633517e-06,0.0,0.2223772406578064
cifar10,classification,no_pos_constant,426,2,7,normalized,interior_only,-0.011169086210429668,0.06572439521551132,0.9999999403953552,0.3856502175331116,0.3856502175331116,0.04559043049812317,1.2735426425933838,0.05580969899892807,0.5752200484275818,0.4247799515724182,0.4247799515724182,6.863864254835034e-16,0.5664958953857422,0.5168064832687378,0.8268848657608032,0.4370471239089966,0.9235416650772095,0.05044173076748848,0.026016661897301674,1.0,0.0,0.22237718105316162
cifar10,classification,no_pos_constant,426,2,7,normalized,reflect_padding,-0.011169086210429668,0.06572439521551132,0.9999999403953552,0.3856502175331116,0.3856502175331116,0.04559043049812317,1.2735425233840942,0.05580969899892807,0.5752200484275818,0.4247799515724182,0.4247799515724182,6.863864254835034e-16,0.5664958953857422,0.5168064832687378,0.8268848657608032,0.4370471239089966,0.9235416650772095,0.05044173076748848,0.026016661897301674,1.0,0.0,0.22237718105316162
cifar10,classification,no_pos_constant,426,3,0,raw,interior_only,-0.0005048381863161922,7.914720268065167e-11,0.007572572212666273,3.4558944247975454e-19,3.4558944247975454e-19,2.286988957586611e-20,1.2332799712022613e-18,2.2869889093612983e-08,5.734385922551155e-05,1.2061749168901237e-18,2.1034074411700396e-14,4.250072379363701e-05,0.0005426158895716071,0.00021519885922316462,1.0873324072235846e-06,4.514346437645145e-05,0.0002562435111030936,1.0105381079483777e-05,8.279509529529605e-06,1.4094628113525687e-06,0.0,-0.22869157791137695
cifar10,classification,no_pos_constant,426,3,0,raw,reflect_padding,-0.0005048381863161922,7.914720268065167e-11,0.007572572212666273,7.792703114739563e-19,7.792703114739563e-19,2.286988957586611e-20,2.100641709190665e-18,2.2869889093612983e-08,5.734385922551155e-05,1.2061749168901237e-18,2.1034074411700396e-14,4.250072379363701e-05,0.0005426158895716071,0.00021519885922316462,1.0873324072235846e-06,4.514346437645145e-05,0.0002562435111030936,1.0105381079483777e-05,8.279509529529605e-06,1.4094628113525687e-06,0.0,-0.22869157791137695
cifar10,classification,no_pos_constant,426,3,0,centered,interior_only,2.8974480800747493e-11,7.365295873196231e-11,1.1872079985764117e-09,3.4558944247975454e-19,3.4558944247975454e-19,2.286988957586611e-20,1.2332799712022613e-18,2.2869889093612983e-08,1.2088252035727436e-18,2.0063764650780632e-19,2.006376433882906e-07,1.9721522549745938e-19,0.0005426158895716071,0.00021519885922316462,1.0873324072235846e-06,4.514347165240906e-05,0.0002562435111030936,1.0105381079483777e-05,8.279509529529605e-06,1.220570766236051e-06,0.0,-0.22869157791137695
cifar10,classification,no_pos_constant,426,3,0,centered,reflect_padding,2.8974480800747493e-11,7.365295873196231e-11,1.1872079985764117e-09,7.792703114739563e-19,7.792703114739563e-19,2.286988957586611e-20,2.100641709190665e-18,2.2869889093612983e-08,1.2088252035727436e-18,2.0063764650780632e-19,2.006376433882906e-07,1.9721522549745938e-19,0.0005426158895716071,0.00021519885922316462,1.0873324072235846e-06,4.514347165240906e-05,0.0002562435111030936,1.0105381079483777e-05,8.279509529529605e-06,1.220570766236051e-06,0.0,-0.22869157791137695
cifar10,classification,no_pos_constant,426,3,0,normalized,interior_only,0.02440556138753891,0.06203880161046982,1.0000001192092896,0.24519230425357819,0.24519230425357819,0.016225961968302727,0.875,0.03202847018837929,0.8576496839523315,0.14235042035579681,0.14235040545463562,2.6256143069322774e-15,0.4605509638786316,0.7836000919342041,0.8908393383026123,0.16438020765781403,0.9330554604530334,0.03679656982421875,0.03014805167913437,1.0,0.0,-0.2286916971206665
cifar10,classification,no_pos_constant,426,3,0,normalized,reflect_padding,0.02440556138753891,0.06203880161046982,1.0000001192092896,0.5528846383094788,0.5528846383094788,0.016225963830947876,1.490384578704834,0.014461705461144447,0.8576496839523315,0.14235042035579681,0.14235040545463562,2.6256143069322774e-15,0.4605509638786316,0.7836000919342041,0.8908393383026123,0.16438020765781403,0.9330554604530334,0.03679656982421875,0.03014805167913437,1.0,0.0,-0.2286916971206665
cifar10,classification,no_pos_constant,426,3,1,raw,interior_only,0.00014001996896695346,2.4619081079313432e-11,0.002100299345329404,9.359714067160019e-20,9.359714067160019e-20,1.1170246991916086e-20,2.854501032246992e-19,1.1170246949632201e-08,4.411257123138057e-06,2.558039500707987e-19,5.798888523230253e-14,1.7152417512988904e-06,7.478623592760414e-05,1.0588949407974724e-05,1.043285564605867e-07,1.9312352378619835e-05,2.4013070287765004e-05,3.1555046007269993e-06,1.7999511783273192e-06,1.3637230722451932e-07,0.0,-0.1964130401611328
cifar10,classification,no_pos_constant,426,3,1,raw,reflect_padding,0.00014001996896695346,2.4619081079313432e-11,0.002100299345329404,1.376428539288238e-19,1.376428539288238e-19,1.1170246991916086e-20,4.0572878173480986e-19,1.1170246949632201e-08,4.411257123138057e-06,2.558039500707987e-19,5.798888523230253e-14,1.7152417512988904e-06,7.478623592760414e-05,1.0588949407974724e-05,1.043285564605867e-07,1.9312352378619835e-05,2.4013070287765004e-05,3.1555046007269993e-06,1.7999511783273192e-06,1.3637230722451932e-07,0.0,-0.1964130401611328
cifar10,classification,no_pos_constant,426,3,1,centered,interior_only,5.8207661780829145e-12,2.3921075190114216e-11,3.692862127202545e-10,9.359714067160019e-20,9.359714067160019e-20,1.1170246991916086e-20,2.854501032246992e-19,1.1170246949632201e-08,5.053963036539041e-20,8.583268060490048e-20,8.583268140682776e-08,2.3592641059465018e-21,7.478623592760414e-05,1.0588949407974724e-05,1.0432853514430462e-07,1.931235419760924e-05,2.4013070287765004e-05,3.1555048281006748e-06,1.7999511783273192e-06,1.2874900789938692e-07,0.0,-0.19641292095184326
cifar10,classification,no_pos_constant,426,3,1,centered,reflect_padding,5.8207661780829145e-12,2.3921075190114216e-11,3.692862127202545e-10,1.376428539288238e-19,1.376428539288238e-19,1.1170246991916086e-20,4.0572878173480986e-19,1.1170246949632201e-08,5.053963036539041e-20,8.583268060490048e-20,8.583268140682776e-08,2.3592641059465018e-21,7.478623592760414e-05,1.0588949407974724e-05,1.0432853514430462e-07,1.931235419760924e-05,2.4013070287765004e-05,3.1555048281006748e-06,1.7999511783273192e-06,1.2874900789938692e-07,0.0,-0.19641292095184326
cifar10,classification,no_pos_constant,426,3,1,normalized,interior_only,0.0157622080296278,0.06477651745080948,1.0,0.6863353848457336,0.6863353252410889,0.08190993219614029,2.093167781829834,0.0563117191195488,0.3706003725528717,0.6293995976448059,0.6293995976448059,0.0,0.6507445573806763,0.36553293466567993,0.8103252053260803,0.6666667461395264,0.8289365768432617,0.10892874747514725,0.062134720385074615,1.0,0.0,-0.1964130401611328
cifar10,classification,no_pos_constant,426,3,1,normalized,reflect_padding,0.0157622080296278,0.06477651745080948,1.0,1.0093166828155518,1.0093166828155518,0.08190993219614029,2.9751548767089844,0.03899464011192322,0.3706003725528717,0.6293995976448059,0.6293995976448059,0.0,0.6507445573806763,0.36553293466567993,0.8103252053260803,0.6666667461395264,0.8289365768432617,0.10892874747514725,0.062134720385074615,1.0,0.0,-0.1964130401611328
cifar10,classification,no_pos_constant,426,3,2,raw,interior_only,-9.14926640689373e-05,7.275957614183426e-12,0.0013723899610340595,0.0,0.0,0.0,0.0,0.0,1.8834549564417102e-06,1.1911400820763599e-20,6.324230469688516e-15,2.680065108506824e-06,1.1488150430949418e-09,0.0,1.4194241596825227e-20,0.0,0.0,0.0,0.0,1.1911400754627266e-08,0.0,0.0
cifar10,classification,no_pos_constant,426,3,2,raw,reflect_padding,-9.14926640689373e-05,7.275957614183426e-12,0.0013723899610340595,0.0,0.0,0.0,0.0,0.0,1.8834549564417102e-06,1.1911400820763599e-20,6.324230469688516e-15,2.680065108506824e-06,1.1488150430949418e-09,0.0,1.4194241596825227e-20,0.0,0.0,0.0,0.0,1.1911400754627266e-08,0.0,0.0
cifar10,classification,no_pos_constant,426,3,2,centered,interior_only,-7.275957614183426e-12,0.0,1.0913936421275139e-10,0.0,0.0,0.0,0.0,0.0,1.1911400820763599e-20,0.0,0.0,0.0,1.1488150430949418e-09,0.0,0.0,0.0,0.0,0.0,0.0,0.0,0.0,1.0
cifar10,classification,no_pos_constant,426,3,2,centered,reflect_padding,-7.275957614183426e-12,0.0,1.0913936421275139e-10,0.0,0.0,0.0,0.0,0.0,1.1911400820763599e-20,0.0,0.0,0.0,1.1488150430949418e-09,0.0,0.0,0.0,0.0,0.0,0.0,0.0,0.0,1.0
cifar10,classification,no_pos_constant,426,3,2,normalized,interior_only,-0.06666667014360428,0.0,0.9999999403953552,0.0,0.0,0.0,0.0,0.0,1.0000004768371582,4.9960036108132044e-14,4.996002255560489e-14,0.0,1.1488150430949418e-09,0.0,0.0,0.0,0.0,0.0,0.0,0.0,0.0,1.0
cifar10,classification,no_pos_constant,426,3,2,normalized,reflect_padding,-0.06666667014360428,0.0,0.9999999403953552,0.0,0.0,0.0,0.0,0.0,1.0000004768371582,4.9960036108132044e-14,4.996002255560489e-14,0.0,1.1488150430949418e-09,0.0,0.0,0.0,0.0,0.0,0.0,0.0,0.0,1.0
cifar10,classification,no_pos_constant,426,3,3,raw,interior_only,0.0002579794672783464,3.432662140645526e-11,0.0038696920964866877,2.846030702774449e-19,2.846030702774449e-19,4.446922973085077e-20,9.41900637346782e-19,4.44692282997039e-08,1.4974511941545643e-05,5.903819642362473e-19,3.9425782110595955e-14,2.9485217964975163e-06,0.00014552260108757764,1.2323627743171528e-05,1.3735905213252408e-07,4.4025386159773916e-05,3.612042928580195e-05,1.8591334082884714e-05,1.9920103113690857e-06,2.6512131512390624e-07,0.0,-0.20759379863739014
cifar10,classification,no_pos_constant,426,3,3,raw,reflect_padding,0.0002579794672783464,3.432662140645526e-11,0.0038696920964866877,3.3203691532368573e-19,3.3203691532368573e-19,4.446922973085077e-20,1.0367683274392636e-18,4.44692282997039e-08,1.4974511941545643e-05,5.903819642362473e-19,3.9425782110595955e-14,2.9485217964975163e-06,0.00014552260108757764,1.2323627743171528e-05,1.3735905213252408e-07,4.4025386159773916e-05,3.612042928580195e-05,1.8591334082884714e-05,1.9920103113690857e-06,2.6512131512390624e-07,0.0,-0.20759379863739014
cifar10,classification,no_pos_constant,426,3,3,centered,interior_only,-7.63167133654985e-12,3.3467513482765554e-11,5.148993453829576e-10,2.846030702774449e-19,2.846030702774449e-19,4.446922973085077e-20,9.41900637346782e-19,4.44692282997039e-08,6.945293412565639e-20,1.9566838482728815e-19,1.9566839171147876e-07,7.703719806579025e-20,0.00014552260108757764,1.2323629562160932e-05,1.3735905213252408e-07,4.4025386159773916e-05,3.612042928580195e-05,1.8591335901874118e-05,1.992010538742761e-06,2.520167470265733e-07,0.0,-0.3208049535751343
cifar10,classification,no_pos_constant,426,3,3,centered,reflect_padding,-7.63167133654985e-12,3.3467513482765554e-11,5.148993453829576e-10,3.3203691532368573e-19,3.3203691532368573e-19,4.446922973085077e-20,1.0367683274392636e-18,4.44692282997039e-08,6.945293412565639e-20,1.9566838482728815e-19,1.9566839171147876e-07,7.703719806579025e-20,0.00014552260108757764,1.2323629562160932e-05,1.3735905213252408e-07,4.4025386159773916e-05,3.612042928580195e-05,1.8591335901874118e-05,1.992010538742761e-06,2.520167470265733e-07,0.0,-0.3208049535751343
cifar10,classification,no_pos_constant,426,3,3,normalized,interior_only,-0.014821674674749374,0.06499816477298737,0.9999999403953552,1.0734822750091553,1.0734823942184448,0.1677316129207611,3.5527150630950928,0.07246377319097519,0.2619665861129761,0.7380332946777344,0.7380333542823792,1.0381806887043612e-16,0.7595824599266052,0.21733349561691284,0.5450394749641418,0.7764101624488831,0.637002170085907,0.327867716550827,0.03513012081384659,1.0,0.0,-0.32080507278442383
cifar10,classification,no_pos_constant,426,3,3,normalized,reflect_padding,-0.014821674674749374,0.06499816477298737,0.9999999403953552,1.2523959875106812,1.2523959875106812,0.1677316129207611,3.9105424880981445,0.06276150792837143,0.2619665861129761,0.7380332946777344,0.7380333542823792,1.0381806887043612e-16,0.7595824599266052,0.21733349561691284,0.5450394749641418,0.7764101624488831,0.637002170085907,0.327867716550827,0.03513012081384659,1.0,0.0,-0.32080507278442383
cifar10,classification,no_pos_constant,426,3,4,raw,interior_only,0.00042289827251806855,8.910399501571575e-11,0.0063434746116399765,3.1001405869507392e-19,3.1001405869507392e-19,4.531626267810507e-20,8.978549240895584e-19,4.531626274228984e-08,4.023967630928382e-05,7.970580033662966e-19,1.9807767215719932e-14,6.499198934761807e-05,0.000656669435556978,0.00022526216343976557,1.4139610584606999e-06,0.0001233483199030161,0.0003226627304684371,1.0189869499299675e-05,4.093712050234899e-06,1.7863925450001261e-06,0.0,0.09134924411773682
cifar10,classification,no_pos_constant,426,3,4,raw,reflect_padding,0.00042289827251806855,8.910399501571575e-11,0.0063434746116399765,3.7777669447541795e-19,3.7777669447541795e-19,4.531626267810507e-20,1.1689054672109345e-18,4.531626274228984e-08,4.023967630928382e-05,7.970580033662966e-19,1.9807767215719932e-14,6.499198934761807e-05,0.000656669435556978,0.00022526216343976557,1.4139610584606999e-06,0.0001233483199030161,0.0003226627304684371,1.0189869499299675e-05,4.093712050234899e-06,1.7863925450001261e-06,0.0,0.09134924411773682
cifar10,classification,no_pos_constant,426,3,4,centered,interior_only,3.583005073193313e-11,8.158265729640846e-11,1.3365599738079936e-09,3.1001405869507392e-19,3.1001405869507392e-19,4.531626267810507e-20,8.978549240895584e-19,4.531626274228984e-08,1.2381777076091878e-18,5.482147781501316e-19,5.482147571456153e-07,3.081487898397803e-21,0.000656669435556978,0.00022526216343976557,1.4139610584606999e-06,0.0001233483199030161,0.00032266275957226753,1.0189869499299675e-05,4.093712050234899e-06,1.4975393014537985e-06,0.0,-0.03448128700256348
cifar10,classification,no_pos_constant,426,3,4,centered,reflect_padding,3.583005073193313e-11,8.158265729640846e-11,1.3365599738079936e-09,3.7777669447541795e-19,3.7777669447541795e-19,4.531626267810507e-20,1.1689054672109345e-18,4.531626274228984e-08,1.2381777076091878e-18,5.482147781501316e-19,5.482147571456153e-07,3.081487898397803e-21,0.000656669435556978,0.00022526216343976557,1.4139610584606999e-06,0.0001233483199030161,0.00032266275957226753,1.0189869499299675e-05,4.093712050234899e-06,1.4975393014537985e-06,0.0,-0.03448128700256348
cifar10,classification,no_pos_constant,426,3,4,normalized,interior_only,0.026807662099599838,0.0610392764210701,0.9999998807907104,0.17354193329811096,0.17354193329811096,0.02536747232079506,0.5026078224182129,0.06810949742794037,0.6931160688400269,0.30688369274139404,0.30688372254371643,4.237980128204387e-17,0.4714066684246063,0.6685402989387512,0.9441898465156555,0.3660770356655121,0.9576087594032288,0.03024180419743061,0.012149449437856674,1.0,0.0,-0.03448128700256348
cifar10,classification,no_pos_constant,426,3,4,normalized,reflect_padding,0.026807662099599838,0.0610392764210701,0.9999998807907104,0.21147462725639343,0.21147462725639343,0.02536746859550476,0.6543384790420532,0.05658381059765816,0.6931160688400269,0.30688369274139404,0.30688372254371643,4.237980128204387e-17,0.4714066684246063,0.6685402989387512,0.9441898465156555,0.3660770356655121,0.9576087594032288,0.03024180419743061,0.012149449437856674,1.0,0.0,-0.03448128700256348
cifar10,classification,no_pos_constant,426,3,5,raw,interior_only,-0.0005253910785540938,1.182123565701687e-10,0.007880866527557373,1.0570971181733668e-18,1.0570971181733668e-18,8.893845946170154e-20,3.577867169202165e-18,8.89384565994078e-08,6.210805440787226e-05,1.951563910473908e-18,3.142206953616819e-14,5.042895281803794e-05,0.001183851039968431,0.0005130318459123373,2.7263470201432938e-06,0.0001669129414949566,0.0006214305176399648,1.4126934729574714e-05,2.14555038837716e-05,3.144186393910786e-06,0.0,-0.1123429536819458
cifar10,classification,no_pos_constant,426,3,5,raw,reflect_padding,-0.0005253910785540938,1.182123565701687e-10,0.007880866527557373,1.0570971181733668e-18,1.0570971181733668e-18,8.893845946170154e-20,3.577867169202165e-18,8.89384565994078e-08,6.210805440787226e-05,1.951563910473908e-18,3.142206953616819e-14,5.042895281803794e-05,0.001183851039968431,0.0005130318459123373,2.7263470201432938e-06,0.0001669129414949566,0.0006214305176399648,1.4126934729574714e-05,2.14555038837716e-05,3.144186393910786e-06,0.0,-0.1123429536819458
cifar10,classification,no_pos_constant,426,3,5,centered,interior_only,-3.156148606353604e-11,1.1392117110764488e-10,1.7731853763081062e-09,1.0570971181733668e-18,1.0570971181733668e-18,8.893845946170154e-20,3.577867169202165e-18,8.89384565994078e-08,2.4023510813308595e-18,7.418351154795268e-19,7.418350946863939e-07,1.2325951593591212e-20,0.001183851039968431,0.0005130318459123373,2.726346565395943e-06,0.0001669129414949566,0.0006214305758476257,1.4126934729574714e-05,2.14555038837716e-05,2.9200575681898044e-06,0.0,-0.1123429536819458
cifar10,classification,no_pos_constant,426,3,5,centered,reflect_padding,-3.156148606353604e-11,1.1392117110764488e-10,1.7731853763081062e-09,1.0570971181733668e-18,1.0570971181733668e-18,8.893845946170154e-20,3.577867169202165e-18,8.89384565994078e-08,2.4023510813308595e-18,7.418351154795268e-19,7.418350946863939e-07,1.2325951593591212e-20,0.001183851039968431,0.0005130318459123373,2.726346565395943e-06,0.0001669129414949566,0.0006214305758476257,1.4126934729574714e-05,2.14555038837716e-05,2.9200575681898044e-06,0.0,-0.1123429536819458
cifar10,classification,no_pos_constant,426,3,5,normalized,interior_only,-0.017799314111471176,0.06424662470817566,0.9999999403953552,0.3362068831920624,0.3362068831920624,0.028286635875701904,1.1379311084747314,0.04036908596754074,0.7640612125396729,0.2359386682510376,0.2359386831521988,8.607155733771115e-17,0.44778770208358765,0.7808550596237183,0.9336620569229126,0.2540481686592102,0.9458422660827637,0.021501757204532623,0.03265614062547684,1.0,0.0,-0.1123429536819458
cifar10,classification,no_pos_constant,426,3,5,normalized,reflect_padding,-0.017799314111471176,0.06424662470817566,0.9999999403953552,0.33620691299438477,0.33620691299438477,0.028286639600992203,1.1379311084747314,0.04036908969283104,0.7640612125396729,0.2359386682510376,0.2359386831521988,8.607155733771115e-17,0.44778770208358765,0.7808550596237183,0.9336620569229126,0.2540481686592102,0.9458422660827637,0.021501757204532623,0.03265614062547684,1.0,0.0,-0.1123429536819458
cifar10,classification,no_pos_constant,426,3,6,raw,interior_only,9.646758553571999e-05,1.461644694167319e-11,0.0014470136957243085,2.234049398383217e-20,2.234049398383217e-20,2.6205081805679917e-21,6.28921963336318e-20,2.6205082548358405e-09,2.093847797368653e-06,1.0693790959085542e-19,5.1072420760838594e-14,3.1518095511273714e-06,2.1805361029691994e-05,2.490130555088399e-06,2.5081307697405464e-08,4.822582013730425e-06,6.522016519738827e-06,8.388311130147486e-07,3.028956427897356e-07,4.806911846344519e-08,0.0,-0.18137645721435547
cifar10,classification,no_pos_constant,426,3,6,raw,reflect_padding,9.646758553571999e-05,1.461644694167319e-11,0.0014470136957243085,3.3351922298138076e-20,3.3351922298138076e-20,2.6205081805679917e-21,9.296186596115946e-20,2.6205082548358405e-09,2.093847797368653e-06,1.0693790959085542e-19,5.1072420760838594e-14,3.1518095511273714e-06,2.1805361029691994e-05,2.490130555088399e-06,2.5081307697405464e-08,4.822582013730425e-06,6.522016519738827e-06,8.388311130147486e-07,3.028956427897356e-07,4.806911846344519e-08,0.0,-0.18137645721435547
cifar10,classification,no_pos_constant,426,3,6,centered,interior_only,-7.89037151588401e-12,1.2303762175758237e-11,2.1924670412509784e-10,2.234049398383217e-20,2.234049398383217e-20,2.6205081805679917e-21,6.28921963336318e-20,2.6205082548358405e-09,2.6635420903773495e-20,2.143369562173378e-20,2.1433695707173683e-08,7.703719745994507e-22,2.1805361029691994e-05,2.490130555088399e-06,2.508131480283282e-08,4.822582013730425e-06,6.522016519738827e-06,8.388311130147486e-07,3.02895671211445e-07,3.4061073961311195e-08,0.0,-0.29093873500823975
cifar10,classification,no_pos_constant,426,3,6,centered,reflect_padding,-7.89037151588401e-12,1.2303762175758237e-11,2.1924670412509784e-10,3.3351922298138076e-20,3.3351922298138076e-20,2.6205081805679917e-21,9.296186596115946e-20,2.6205082548358405e-09,2.6635420903773495e-20,2.143369562173378e-20,2.1433695707173683e-08,7.703719745994507e-22,2.1805361029691994e-05,2.490130555088399e-06,2.508131480283282e-08,4.822582013730425e-06,6.522016519738827e-06,8.388311130147486e-07,3.02895671211445e-07,3.4061073961311195e-08,0.0,-0.29093873500823975
cifar10,classification,no_pos_constant,426,3,6,normalized,interior_only,-0.03598855435848236,0.05611834675073624,1.0000001192092896,0.4647578001022339,0.4647577702999115,0.054515425115823746,1.3083701133728027,0.05540010705590248,0.5541067719459534,0.4458933472633362,0.4458932876586914,5.5709005389155e-18,0.6686579585075378,0.324923574924469,0.7363630533218384,0.6292724609375,0.8510222434997559,0.10945449769496918,0.039523206651210785,1.0,0.0,-0.2909386157989502
cifar10,classification,no_pos_constant,426,3,6,normalized,reflect_padding,-0.03598855435848236,0.05611834675073624,1.0000001192092896,0.6938327550888062,0.6938327550888062,0.05451542139053345,1.9339210987091064,0.037800680845975876,0.5541067719459534,0.4458933472633362,0.4458932876586914,5.5709005389155e-18,0.6686579585075378,0.324923574924469,0.7363630533218384,0.6292724609375,0.8510222434997559,0.10945449769496918,0.039523206651210785,1.0,0.0,-0.2909386157989502
cifar10,classification,no_pos_constant,426,3,7,raw,interior_only,-7.09383821231313e-05,1.4712715420972522e-11,0.0010640759719535708,7.623296525288703e-21,7.623296525288703e-21,3.705769144237564e-22,2.1175823681357508e-20,3.705769024975325e-10,1.1322573527650093e-06,1.2705494208814505e-20,1.1221384065007722e-14,6.26465589448344e-06,1.3006035260332283e-05,3.4500276342441794e-06,1.743831390399464e-08,9.156426017398189e-07,4.223284122417681e-06,2.877935685319244e-07,1.8275598279160477e-07,4.8704393407206226e-08,0.0,-0.0662456750869751
cifar10,classification,no_pos_constant,426,3,7,raw,reflect_padding,-7.09383821231313e-05,1.4712715420972522e-11,0.0010640759719535708,1.8634724839594607e-20,1.8634724839594607e-20,3.705769144237564e-22,5.124549330888517e-20,3.705769024975325e-10,1.1322573527650093e-06,1.2705494208814505e-20,1.1221384065007722e-14,6.26465589448344e-06,1.3006035260332283e-05,3.4500276342441794e-06,1.743831390399464e-08,9.156426017398189e-07,4.223284122417681e-06,2.877935685319244e-07,1.8275598279160477e-07,4.8704393407206226e-08,0.0,-0.0662456750869751
cifar10,classification,no_pos_constant,426,3,7,centered,interior_only,-1.1124131130135773e-11,9.629002456490454e-12,2.2069071570207655e-10,7.623296525288703e-21,7.623296525288703e-21,3.705769144237564e-22,2.1175823681357508e-20,3.705769024975325e-10,4.4634869417340244e-20,4.069522626401325e-21,4.069522496763511e-09,6.93334792285635e-21,1.3006035260332283e-05,3.4500276342441794e-06,1.743831745670832e-08,9.156426017398189e-07,4.223284122417681e-06,2.8779354011021496e-07,1.8275598279160477e-07,2.086147965485452e-08,0.0,-0.22428441047668457
cifar10,classification,no_pos_constant,426,3,7,centered,reflect_padding,-1.1124131130135773e-11,9.629002456490454e-12,2.2069071570207655e-10,1.8634724839594607e-20,1.8634724839594607e-20,3.705769144237564e-22,5.124549330888517e-20,3.705769024975325e-10,4.4634869417340244e-20,4.069522626401325e-21,4.069522496763511e-09,6.93334792285635e-21,1.3006035260332283e-05,3.4500276342441794e-06,1.743831745670832e-08,9.156426017398189e-07,4.223284122417681e-06,2.8779354011021496e-07,1.8275598279160477e-07,2.086147965485452e-08,0.0,-0.22428441047668457
cifar10,classification,no_pos_constant,426,3,7,normalized,interior_only,-0.050405971705913544,0.04363120719790459,1.0,0.156521737575531,0.156521737575531,0.007608696818351746,0.43478265404701233,0.023728815838694572,0.9164444208145142,0.08355554193258286,0.08355554193258286,1.1943885381323748e-14,0.503672182559967,0.735012948513031,0.835909903049469,0.19507348537445068,0.899751603603363,0.06131311506032944,0.038935333490371704,1.0,0.0,-0.22428441047668457
cifar10,classification,no_pos_constant,426,3,7,normalized,reflect_padding,-0.050405971705913544,0.04363120719790459,1.0,0.38260871171951294,0.38260871171951294,0.007608697284013033,1.0521738529205322,0.009845289401710033,0.9164444208145142,0.08355554193258286,0.08355554193258286,1.1943885381323748e-14,0.503672182559967,0.735012948513031,0.835909903049469,0.19507348537445068,0.899751603603363,0.06131311506032944,0.038935333490371704,1.0,0.0,-0.22428441047668457
