target_family,model,noise,n,r2_vis_clean_mean,r2_vis_clean_std,r2_vis_clean_min,r2_vis_clean_max,r2_full_mean,r2_full_std,r2_full_min,r2_full_max,r2_ext_mean,r2_ext_std,r2_ext_min,r2_ext_max,heldout_rms_mean,heldout_rms_std,heldout_rms_min,heldout_rms_max,ext_outer_rms_mean,ext_outer_rms_std,ext_outer_rms_min,ext_outer_rms_max,condition_number_mean,condition_number_std,condition_number_min,condition_number_max,coeff_norm_mean,coeff_norm_std,coeff_norm_min,coeff_norm_max
J0,axis_j0,0.0,24,0.0982848955754669,0.15111026012134174,0.005885384514084713,0.5918966064362466,-0.053970408510022105,0.09827530474217627,-0.19480733561628005,0.2759357665330464,-0.10468275328783642,0.13245160142744655,-0.5512009837958676,0.00878912441999391,0.7680381503901182,0.0517286135918957,0.701962361142263,0.8799039978812593,0.7604268306984538,0.09109939328266128,0.669988160060934,1.0171046695217723,1.9338766028628995,1.7000170973022282,1.1225729310589865,8.409607441689182,3.8135423429384687,2.791779435638884,1.1256513173489056,11.369779486341217
J0,axis_j0,0.01,24,0.09828371406168517,0.1511104248061219,0.00588496284761586,0.5918958871856097,-0.05390871260332378,0.09834503196748097,-0.19504975411200554,0.2762007488292977,-0.1046926107295288,0.1325756100219162,-0.5525285494027661,0.008756818962681878,0.7679986297434033,0.05176213904626084,0.7017936931327471,0.8802024428647944,0.7604616358930633,0.09109568717883401,0.6701723984049818,1.0176781435812048,1.9338766028628995,1.7000170973022282,1.1225729310589865,8.409607441689182,3.8130027725112625,2.789525059862373,1.1253468799831003,11.355691460662733
J0,coord_shuffle_full_j2,0.0,24,0.010186704488572387,0.011985540468393896,0.0010936253804532114,0.05064171787177085,-0.005674517975503358,0.011383629131278128,-0.04123274840577795,0.028923119715217216,-0.008736364884050407,0.012879651626178882,-0.04915519029471449,0.026220828403988206,0.7147873191921307,0.009662244633627392,0.696275934049463,0.7450604869047653,0.7118338091940024,0.007858743689803296,0.7008414966563357,0.7442510984024968,3.826247819288817,0.2341064426553743,3.6410661552640167,4.644206429636391,1.9371895333190394,0.9696550283234492,0.7219914294837154,4.489746625288215
J0,coord_shuffle_full_j2,0.01,24,0.010183931936197438,0.011985049938914872,0.0010907849823432736,0.05063762781379855,-0.005673830221614305,0.011391134479468271,-0.041246191502113616,0.029050950651302143,-0.008732824114976704,0.012899633608038974,-0.04931460902104279,0.02631268936394271,0.7147861003498193,0.009660485226571494,0.6961902063451331,0.7450678540818714,0.7118310509887339,0.007871825837486829,0.7008256482344645,0.7443624141874927,3.826247819288817,0.2341064426553743,3.6410661552640167,4.644206429636391,1.9369300263308684,0.9653386900072547,0.7087466309735374,4.481299443263397
J0,dct_matched13,0.0,24,0.9735230450312965,0.022297651717297737,0.9139374136524637,0.9969117848253627,-0.03561046626276418,0.22642535463504787,-0.3861713789994281,0.44901639773381863,-0.501029667287994,0.2895980711153842,-0.959645993085767,0.06409308505579692,0.9661980078400111,0.1123287437991862,0.7143960588217848,1.1308956499760687,1.022970231484653,0.125103768466362,0.6347736627492461,1.1786388250539366,1.0000000000000033,3.1073024937815986e-16,1.0000000000000027,1.0000000000000038,14.372076120708138,0.15538239718516306,13.955444502992888,14.560051463001276
J0,dct_matched13,0.01,24,0.9735198022150454,0.022297526053404314,0.9139352512475369,0.9969068214496785,-0.03552909508483259,0.2262802033456249,-0.3864336233548351,0.44874620540167964,-0.5008911724340286,0.28960200356405486,-0.9602907698890488,0.06390208780812989,0.9661667399927598,0.11225867468373038,0.7145709753583355,1.13100179776628,1.0229174794521974,0.1251032492087398,0.634860613198425,1.1780870041754383,1.0000000000000033,3.1073024937815986e-16,1.0000000000000027,1.0000000000000038,14.370764839514434,0.15610041251065893,13.958987542732373,14.566641302895034
J0,directional_j2_one,0.0,24,0.9999999999979874,1.960489209736289e-13,0.9999999999976679,0.9999999999982829,0.9999999999950177,1.0049324142706086e-12,0.9999999999933294,0.9999999999966152,0.9999999999813779,4.937344780796167e-12,0.999999999972392,0.9999999999888128,1.9249135304601754e-06,2.2209342703828352e-07,1.5523316692576136e-06,2.274328345933365e-06,4.251122659381944e-06,6.023784243940979e-07,3.2844615708696388e-06,5.281467644101917e-06,2.444531912019944,0.1720781869384127,2.2040949692818734,2.693447733894166,14.567156743162968,0.04933489825555263,14.431200778637159,14.631860378650845
J0,directional_j2_one,0.01,24,0.9999985480269479,6.785103268940834e-07,0.9999971507746656,0.9999997790875906,0.9999959883351058,2.550529257194289e-06,0.9999872984762845,0.9999996902900673,0.9999883115842585,8.735049084500204e-06,0.9999577301994738,0.9999994545929444,0.0016558278377731934,0.0005940905274268414,0.0004390258797748767,0.003246089436499098,0.0030586110013148516,0.001274058596634738,0.0006562842617586972,0.0064001452710557094,2.444531912019944,0.1720781869384127,2.2040949692818734,2.693447733894166,14.565513826140958,0.049571983569291336,14.424619988468038,14.618446419230223
J0,full_j1,0.0,24,0.9999999999989941,1.0673333132803513e-14,0.9999999999989598,0.999999999999,0.9999999999989898,1.773254758182066e-14,0.9999999999989291,0.9999999999989999,0.9999999999989905,1.5232965234590186e-14,0.9999999999989455,0.9999999999989999,7.128684025703394e-07,1.1674017361312554e-08,7.038364826834572e-07,7.504880189678432e-07,7.104864356536484e-07,4.41989541250647e-09,7.054184046642011e-07,7.219215748359413e-07,1.1047019909710634,0.07881905257847299,1.0185137222269507,1.3195836762339734,14.567171365173971,0.04933461655692418,14.431212718519616,14.631871908426536
J0,full_j1,0.01,24,0.9999985395470313,7.614604010111238e-07,0.9999966423391112,0.9999995727540758,0.9999975154630408,1.2842528551354642e-06,0.9999942716339927,0.9999992527432298,0.99999609772675,2.109215725842335e-06,0.9999908622805338,0.9999988080531115,0.0012513489203400195,0.00033532649043715903,0.0007139439085988443,0.0019729735433350404,0.0016353607700750332,0.00047418906979572505,0.0009444709581676314,0.002619616959085688,1.1047019909710634,0.07881905257847299,1.0185137222269507,1.3195836762339734,14.566617651746995,0.05020149538231041,14.429734398306929,14.625757856192472
J0,full_j2,0.0,24,0.9999999999964277,1.2022046830973177e-13,0.9999999999960083,0.9999999999965646,0.9999999999830066,2.7575213166346676e-12,0.9999999999723801,0.9999999999857843,0.9999999999214327,1.1449482198768173e-11,0.9999999998797051,0.999999999932396,3.7560134572881315e-06,3.100937262351676e-07,3.409907797648599e-06,4.901917313993027e-06,8.948706694920786e-06,6.070433827891158e-07,8.320773767957603e-06,1.1027840385347337e-05,3.64414060882271,0.08922215591923395,3.568339482432522,4.001759683810355,14.567134089649144,0.049335302975886675,14.431170952330746,14.631835116378895
J0,full_j2,0.01,24,0.999997384582264,8.748743434873107e-07,0.9999955681798419,0.9999990501586885,0.9999908740693343,3.3393092096906984e-06,0.9999851871191706,0.9999950041043437,0.9999717855082987,1.1685907559936664e-05,0.9999511241974052,0.9999875355492621,0.0026562643377591733,0.0005232328790971998,0.0019457866493483016,0.0035349545499083423,0.005058414736390022,0.0011302497414606423,0.0033016324366945274,0.0068689360221046184,3.64414060882271,0.08922215591923395,3.568339482432522,4.001759683810355,14.564503971350055,0.047633493627269395,14.429722341318579,14.626334941222625
J0,toric_j0_cluster_matched13,0.0,24,0.9999999999999861,9.728979237317312e-16,0.9999999999999828,0.9999999999999871,0.9999999999998929,1.6610593165833256e-14,0.9999999999998316,0.9999999999999126,0.999999999999616,5.3816627276246126e-14,0.9999999999994388,0.9999999999996784,3.0441751954973685e-07,2.3278636687483845e-08,2.7395593995683127e-07,3.865919279392935e-07,6.127874415232466e-07,4.080247984288849e-08,5.62823239877845e-07,7.353860202227016e-07,31.227942920213565,0.7728799313138041,30.42126982223977,33.71059354687439,14.567165701007553,0.04933534614385754,14.431203115412016,14.631866725496025
J0,toric_j0_cluster_matched13,0.01,24,0.9999973764145716,8.950644493455099e-07,0.9999954909883837,0.9999991411156363,0.999992093335643,2.792550197180036e-06,0.9999875476791795,0.9999963318715993,0.9999795840987286,8.084587466252003e-06,0.9999659728935782,0.999991937836018,0.002444396729131451,0.0004739294349672131,0.001740757768444844,0.0032088910534516023,0.0042050161136075155,0.000941253879502431,0.0025572711691948377,0.00560512169104008,31.227942920213565,0.7728799313138041,30.42126982223977,33.71059354687439,14.587754939230427,0.10709809536100516,14.28999469430334,14.744570558728014
J0,toric_j0_generic_matched13,0.0,24,0.2153907489928184,0.29860027575292564,0.0009728362825305314,0.8755059124373124,0.06840617993041552,0.23669471516970622,-0.17968441663806844,0.7312277700637833,-0.025152707663627802,0.18834608009385898,-0.3870057109999845,0.5515464689831978,0.7219959423545818,0.0885391440042533,0.44497606641731197,0.877369084481147,0.7542028974991228,0.08126323871247378,0.5876543888245059,0.9358107439638762,1.2031741084560474,0.0,1.2031741084560474,1.2031741084560474,5.326879216677546,4.259566845619947,0.5509779453716372,13.646815051355707
J0,toric_j0_generic_matched13,0.01,24,0.21538768802286645,0.29860032609065623,0.0009699175184014752,0.8755037958150855,0.06836768550501943,0.2367029058044406,-0.17937034602724755,0.731230044304022,-0.025134986171362988,0.1883725288945467,-0.3865794214519973,0.5517085603367335,0.7220197744588736,0.08853887077497156,0.44497269479787777,0.8772031100626124,0.7541712827333189,0.0812709378314019,0.5874939039383567,0.935679972290573,1.2031741084560474,0.0,1.2031741084560474,1.2031741084560474,5.3266795489811,4.257610935921688,0.553587805595244,13.640581368451743
J0,toric_j0_single,0.0,24,0.9999999999989942,1.0559552719768101e-14,0.9999999999989599,0.999999999999,0.9999999999989911,1.7289844918831363e-14,0.9999999999989313,0.999999999999,0.9999999999989919,1.4672333410050844e-14,0.9999999999989467,0.999999999999,7.121618498337502e-07,1.144149123533851e-08,7.035091467842085e-07,7.492221085433765e-07,7.097782237012872e-07,4.004273142438987e-09,7.044464129220532e-07,7.194961232613673e-07,1.0368784208447106,0.041601955336854984,1.0004844943516904,1.150794182867881,14.567171369087312,0.049334613440275336,14.43121271879521,14.631871911785641
J0,toric_j0_single,0.01,24,0.9999994076157854,5.228569237757088e-07,0.9999984219307521,0.9999999948603905,0.9999994087349308,5.191506979890061e-07,0.9999984553226787,0.999999995187568,0.9999994123830982,5.147274009476126e-07,0.9999984556133332,0.9999999950809516,0.0004889062311477242,0.00023700641397004935,4.8011346249793145e-05,0.0008720564665886323,0.0004861011527737996,0.00023515116376649414,5.044743315584665e-05,0.0008779628811979773,1.0368784208447106,0.041601955336854984,1.0004844943516904,1.150794182867881,14.566665364834975,0.05019333660726677,14.42976009356612,14.625934607304837
J1,axis_j0,0.0,72,0.1137251045038724,0.15876261740430656,4.1431933699875856e-05,0.5689339866263191,-0.00021778849895563723,0.13718166609365073,-0.19608978439771163,0.47015332909773,-0.02318721377688295,0.11268345965110473,-0.28813070313231925,0.3582938281969922,0.77462541560275,0.06222697443226732,0.5658479698759175,0.881375368156091,1.0665301840817891,0.06813862161274034,0.8654573530031474,1.2614717783261082,1.9338766028628993,1.7000170973022286,1.1225729310589865,8.409607441689182,2.3296881452989058,1.8729564219067978,0.057463224411159676,6.774121628051787
J1,axis_j0,0.01,72,0.11372395962663671,0.15876273863580145,4.096692721911044e-05,0.5689328817597938,-0.0002237641947245079,0.13716079239861173,-0.19552409087986433,0.47008607521887136,-0.023190106208238193,0.1126713326456654,-0.28800380768939493,0.35825684663013746,0.7746291882234376,0.062217814658839875,0.565924281522952,0.8812167683665485,1.0665308433392813,0.06813776989199836,0.8654815172423496,1.2614422737494648,1.9338766028628993,1.7000170973022286,1.1225729310589865,8.409607441689182,2.3296283223353473,1.8727285751699403,0.05504617086225341,6.770567937565396
J1,coord_shuffle_full_j2,0.0,72,0.014726439488576036,0.02023122893338678,0.0011155262192799054,0.11759165077645017,-0.004024857041140772,0.014111994996820507,-0.05564872897096573,0.05377905286550122,-0.004155399564913287,0.0160098095859577,-0.0911796432455163,0.03662869864719509,0.7692862332983529,0.010403515502392314,0.7530538799739133,0.8078032149745464,1.0528404980679198,0.01235794075746297,1.02546034557482,1.1120585034398889,3.8262478192888176,0.2341064426553743,3.6410661552640167,4.644206429636391,1.3361875152983351,0.8226127707959099,0.42200966147543745,4.957813994814415
J1,coord_shuffle_full_j2,0.01,72,0.014723577796130951,0.020231084264452748,0.0011129925535890983,0.11758714439423734,-0.0040214797692589115,0.014104999635331433,-0.05558054902721188,0.053868915407289,-0.004153998315221423,0.01600468474399512,-0.09111965176480274,0.03668424800598358,0.7692843893162077,0.010401829036623525,0.7530287119823751,0.8078086218111061,1.0528402563556531,0.01235605155377743,1.0254468702092736,1.112030395677548,3.8262478192888176,0.2341064426553743,3.6410661552640167,4.644206429636391,1.3374178297392285,0.8216610145056027,0.4190068689118757,4.95429343782541
J1,dct_matched13,0.0,72,0.9435286739439539,0.04148751096483638,0.8415498278019191,0.9929886340984431,-0.07554616464747904,0.25227071719543126,-0.5562871099967881,0.6323505685177485,-0.11728223778929535,0.18039330930660952,-0.4340280932995939,0.2936652036868822,0.8813908978975094,0.11287162372759937,0.5326772606937019,1.0572916591054435,1.1174458465923038,0.08952011209176304,0.9100053054397792,1.2652813047159406,1.0000000000000027,3.95996838265572e-16,1.0000000000000024,1.0000000000000038,8.58527112850407,0.21498718488888033,8.04779220191957,8.944107492689508
J1,dct_matched13,0.01,72,0.9435256805149896,0.041487368144701636,0.8415483676908437,0.9929846622868355,-0.0755324871448194,0.2522323420447384,-0.556339576999147,0.6326976442686786,-0.11727695274344176,0.18040143277474782,-0.43414605652424054,0.2936935433295995,0.8813858589642481,0.11286711474346485,0.5324241835386767,1.0573093079117295,1.1174447856288725,0.08952462006658762,0.9101486869014734,1.265266127157926,1.0000000000000027,3.95996838265572e-16,1.0000000000000024,1.0000000000000038,8.585930721576505,0.21475779723117447,8.047798364614415,8.945131846442521
J1,directional_j2_one,0.0,72,0.6664479115405317,0.3926169962644261,0.0008773778404123078,0.999999999999,0.66531129696829,0.3940201992792693,-0.0198235040838175,0.999999999999,0.6646784786867104,0.3950398874068309,-0.042289977734450535,0.9999999999990001,0.3154179110350959,0.308613720318189,7.57900834431633e-07,0.7746328059219492,0.4338724700700118,0.42493975628200326,1.0472301903423645e-06,1.0708675587909358,2.444531912019945,0.1720781869384127,2.2040949692818734,2.693447733894166,6.63370044861879,2.8816587406792653,0.32770923417855335,8.994035074281237
J1,directional_j2_one,0.01,72,0.666446312695345,0.3926170662717185,0.0008757806477840413,0.9999997263081749,0.665305932521328,0.39402605425322773,-0.020095020680839015,0.9999997423285432,0.6646599866460597,0.3950654604576228,-0.043331807095774,0.9999998293938169,0.315753569192202,0.30827608838548254,0.0003006113256882872,0.7746169036989629,0.43448242879792437,0.42434776963320253,0.00037615437627139855,1.0715685953186436,2.444531912019945,0.1720781869384127,2.2040949692818734,2.693447733894166,6.63417849723179,2.8816412028427902,0.3226741291157218,9.002176360533113
J1,full_j1,0.0,72,0.9999999999989946,2.0214859952975183e-14,0.9999999999989049,0.999999999999048,0.9999999999989923,2.2434782151343687e-14,0.9999999999989042,0.9999999999990467,0.9999999999989926,2.154637286102979e-14,0.999999999998904,0.9999999999990465,7.690461849474889e-07,1.076296546525543e-08,7.557570911916773e-07,8.170507626652859e-07,1.0542995023106285e-06,1.2773433097903213e-08,1.0015844793059746e-06,1.0999706587143371e-06,1.1047019909710634,0.07881905257847299,1.0185137222269507,1.3195836762339734,8.845197008741586,0.11232725124747091,8.518310699393899,8.996975804332049
J1,full_j1,0.01,72,0.9999984472776805,7.771963201807218e-07,0.9999957849505995,0.999999775427048,0.999998814560061,6.426572973365565e-07,0.9999962977886451,0.9999997913999156,0.9999989457323107,6.157073718821117e-07,0.9999964897496056,0.9999998243853021,0.0007690305614724569,0.00021627795804993264,0.00034765949853886763,0.001447508486384911,0.0010013168952619177,0.00030110795632253587,0.0003992153214539474,0.0019427373672411816,1.1047019909710634,0.07881905257847299,1.0185137222269507,1.3195836762339734,8.845816771531938,0.11318763436376598,8.516057700104527,8.995024861662696
J1,full_j2,0.0,72,0.9999999999989916,2.113570023112027e-14,0.9999999999989,0.9999999999990297,0.9999999999989763,3.6272593100528773e-14,0.9999999999987843,0.9999999999990208,0.9999999999989666,4.573051329902367e-14,0.9999999999987326,0.9999999999990198,7.762799158952434e-07,1.5960621515617517e-08,7.568451974236317e-07,8.436555976351966e-07,1.0703308037417143e-06,2.5674802781845937e-08,1.0431055807293294e-06,1.1996445136679292e-06,3.6441406088227106,0.08922215591923395,3.568339482432522,4.001759683810355,8.845196981537647,0.112327259809291,8.518310608845821,8.996975781932905
J1,full_j2,0.01,72,0.999996898314511,1.1692807845835874e-06,0.9999937077192755,0.9999991299756754,0.9999944094349481,2.79567746751507e-06,0.9999868990610701,0.9999984611902889,0.999989661045675,6.068126446584308e-06,0.999972486580184,0.9999975070658852,0.001848239273427304,0.0004976416130964367,0.000944586385781037,0.002983777470068008,0.003566371325778484,0.0011099615685972427,0.0017574055755343184,0.00610387843768249,3.6441406088227106,0.08922215591923395,3.568339482432522,4.001759683810355,8.845838542615395,0.1132097086717659,8.516184825798828,8.995136118400199
J1,toric_j0_cluster_matched13,0.0,72,0.9987608418711653,0.00024450557074967577,0.9984072255007624,0.9991430882025263,0.9856540519868946,0.0029864307116688592,0.9790426615593675,0.9888625087982186,0.9405305272164048,0.011519697170209118,0.9202052375525708,0.9530641544753037,0.10167242603421017,0.009998870711987202,0.09035445887955819,0.12262444519710827,0.2982586412546237,0.027218217566175245,0.2662777136879552,0.34595043536413256,31.22794292021356,0.7728799313138041,30.42126982223977,33.71059354687439,13.24317202709003,0.6254020050309269,12.380791721004973,13.942321363026553
J1,toric_j0_cluster_matched13,0.01,72,0.9987577133431293,0.00024461254416646976,0.9984017998577361,0.9991410314946746,0.9856556336371227,0.003009127268855632,0.9786695097860497,0.9888420056438646,0.9405424347499607,0.01155927830214745,0.9196097152237577,0.9531698890456801,0.10165556146854444,0.010075447291968428,0.09011481132689184,0.12371982500591712,0.2982180390151006,0.027313464095031992,0.26596972735881463,0.34707567370871506,31.22794292021356,0.7728799313138041,30.42126982223977,33.71059354687439,13.245863932407229,0.6274450863051938,12.381872437856915,13.9636959499765
J1,toric_j0_generic_matched13,0.0,72,0.12912748322315823,0.13674568997808284,0.0009859316682789832,0.5502138249737496,-0.01047965445432766,0.15115479613241473,-0.4589687233120092,0.4238650893056076,-0.0010244142875387872,0.10990503377796114,-0.2828839741868141,0.3438821025425147,0.7807130090087351,0.07025336231634773,0.5713865084585859,0.9904697313971819,1.0470601270513542,0.06002609505521073,0.8632753995844658,1.2543946599878955,1.2031741084560474,0.0,1.2031741084560474,1.2031741084560474,2.802072440444631,1.6100685846830032,0.2804775075892366,6.540213900328331
J1,toric_j0_generic_matched13,0.01,72,0.12912441484304915,0.13674578676487342,0.000983136067787882,0.5502108569841178,-0.010453240165049858,0.1510845479001779,-0.45831225306718815,0.42351457206738696,-0.0010440309625786015,0.10987436761111943,-0.28299870159070917,0.34381777330192376,0.7807032989785161,0.0702196546630655,0.5716089141594608,0.9905065520107014,1.0470827147967146,0.060018198222012466,0.8633136469873437,1.2544650300927338,1.2031741084560474,0.0,1.2031741084560474,1.2031741084560474,2.8013273703224986,1.6096779407188622,0.288744843833969,6.542990941641893
J1,toric_j0_single,0.0,72,0.00014288551049839511,0.00023045483684303492,2.242948604624928e-09,0.0011865546631334434,-0.0010470885553579357,0.003439726560468266,-0.017851617113642915,0.00011726697213587656,-0.000497206241787223,0.0015443906529826678,-0.009482649003436983,6.631660433531472e-05,0.766419297306396,0.007333260761755846,0.7495097555217158,0.7897435017125926,1.0507769183061295,0.006836318360127615,1.02596786170581,1.063933589815562,1.0368784208447104,0.041601955336854984,1.0004844943516904,1.150794182867881,0.16939975133595114,0.2576988178043589,0.00041992311167525005,1.5199453489402905
J1,toric_j0_single,0.01,72,0.00014220953269656857,0.00023045370520369596,-1.6816730363800048e-06,0.0011857677781779152,-0.001047167347528924,0.003437718789016593,-0.017826842346288174,0.00012024043712621779,-0.0004977036099349133,0.0015418937534840804,-0.009417644642029988,6.473472892698506e-05,0.7664192785671368,0.007332905841540424,0.7494878000482642,0.7897433788855757,1.0507772868447605,0.0068359604199004316,1.0259677749309362,1.0639336028724005,1.0368784208447104,0.041601955336854984,1.0004844943516904,1.150794182867881,0.16999888921377307,0.2570692191431968,0.0021804904911090005,1.5142396955421091
J2,axis_j0,0.0,96,0.09264724188110414,0.10050744107559459,5.841328184263972e-05,0.3591382113347107,-0.019893442873002154,0.07075936063072759,-0.2381631878518249,0.16046454813662503,-0.012900854505129936,0.033027887497788636,-0.1478487368114667,0.04915817561598124,0.9506651403027911,0.13273619484548752,0.7119764987409549,1.1602378127843096,1.7585357313453382,0.24041903542194784,1.3242832088243683,2.2311709913593245,1.9338766028628995,1.7000170973022282,1.1225729310589865,8.409607441689182,1.8853619651650693,1.2980873153959671,0.07576538259347235,4.6464869478788
J2,axis_j0,0.01,96,0.0926459444893324,0.10050755068091974,5.7373318778197735e-05,0.3591372923432061,-0.019899354562563504,0.07075718455436154,-0.2380830886520755,0.16047671404540864,-0.012901340827274526,0.03303018400653942,-0.14784829988308257,0.0491560661900835,0.9506688641696425,0.1327411442665037,0.7119415916840088,1.1602196847397581,1.7585345120531046,0.24041657257362584,1.3242741516768377,2.231399340837816,1.9338766028628995,1.7000170973022282,1.1225729310589865,8.409607441689182,1.8856943803855504,1.2977769317265728,0.07050001863375115,4.648369889131628
J2,coord_shuffle_full_j2,0.0,96,0.016883942156027492,0.014025454958997154,0.001185136382386709,0.0634189320108689,-0.004651780090709796,0.017258301993688933,-0.13245358396876572,0.048507783957289496,-0.0017506048034428591,0.0037252804258775815,-0.014660187326618779,0.010796006741569109,0.9392515451516253,0.12304899738150168,0.7135164327199993,1.1206701527578944,1.7492952253977183,0.23246535047922184,1.3314631445708631,2.162350566650616,3.826247819288818,0.2341064426553743,3.6410661552640167,4.644206429636391,1.2221227144329003,0.5469955011950514,0.3076008112761691,3.0025240655067162
J2,coord_shuffle_full_j2,0.01,96,0.01688087213476584,0.01402559279458269,0.0011832538280632798,0.06341665789313466,-0.004651828177622431,0.017260349550771895,-0.13249932256198882,0.04847405161186802,-0.0017526802707232756,0.003724597416168973,-0.014648722806062331,0.01081457888706805,0.9392508229615992,0.12304496166726782,0.7135280880995927,1.120655270253647,1.7492974641650836,0.23246601079719367,1.331463429909305,2.162372144229706,3.826247819288818,0.2341064426553743,3.6410661552640167,4.644206429636391,1.2218110861629827,0.5466605808896935,0.3084622294695225,2.994661126439043
J2,dct_matched13,0.0,96,0.9137519919059128,0.0652685193960943,0.7344028164206899,0.9855382156401354,-0.04349275693415829,0.18375514187660172,-0.5352601837528377,0.4866427498639203,-0.026333722601265364,0.0773319233927611,-0.1997100016974127,0.15393907257639905,0.9954942582071636,0.14032621876376628,0.571702005873372,1.2782394669446961,1.765921683169399,0.23091578641328278,1.2594123182916148,2.236932370354615,1.0000000000000033,4.01577556656276e-16,1.0000000000000024,1.0000000000000038,6.555040430131508,0.9457374161210472,4.599301244026392,8.59081130644216
J2,dct_matched13,0.01,96,0.9137490549700052,0.06526846430993553,0.7343990819489703,0.9855374436604918,-0.04343895607747353,0.183712563372167,-0.5348464111462405,0.4871861465219761,-0.026311147742046032,0.07731183140569879,-0.19958620312475328,0.15398620277429687,0.9954701801659986,0.14032071198594306,0.5716124194014989,1.2782210241357077,1.765908424755229,0.23091046234773524,1.2594127391249113,2.236904377449126,1.0000000000000033,4.01577556656276e-16,1.0000000000000024,1.0000000000000038,6.5547026719727555,0.9455269510509987,4.603149183438373,8.591939176155517
J2,directional_j2_one,0.0,96,0.6889432390496605,0.28790875851895553,0.002179127190500396,0.9999999999982893,0.6217930916871542,0.32637312641731847,-0.014722341422809704,0.9999999999979902,0.5714892550508462,0.35821528508402956,-0.013110774778930079,0.9999999999976376,0.4389877321304829,0.31128332011904203,1.4982691414017574e-06,0.8065565387020053,0.8786353732274567,0.6280181639254475,3.279554713569039e-06,1.6618003277309246,2.444531912019944,0.1720781869384127,2.2040949692818734,2.693447733894166,5.800617240703275,1.735805551722197,0.542526709192307,8.67191476598358
J2,directional_j2_one,0.01,96,0.6889416348298304,0.2879088938299786,0.002178139424287573,0.999999846805374,0.6217653027889115,0.3263956458429771,-0.014708099138260211,0.999999891890121,0.5714500561780193,0.35824932969529705,-0.013113367578937218,0.9999999106988284,0.43922191433459457,0.3109938767652898,0.0003528454492190574,0.8063738287283682,0.879081478757981,0.6274847089543496,0.0005763829172800892,1.6619709839600048,2.444531912019944,0.1720781869384127,2.2040949692818734,2.693447733894166,5.800778745135244,1.7349502823642573,0.5452035227544625,8.671848341884553
J2,full_j1,0.0,96,0.405211599170626,0.2343632200931446,0.00010513569372372356,0.5900634181944167,0.2799763943919847,0.17056889905661013,-0.15600567310904778,0.4076364920376725,0.18208676952472844,0.1078626599790791,-0.012444215537474657,0.267546487431498,0.7871392255116274,0.05296003184140345,0.7107189180679269,0.9447093411920147,1.5901851380076069,0.15196729641611686,1.3376997410702578,1.9800823764718478,1.1047019909710631,0.07881905257847299,1.0185137222269507,1.3195836762339734,4.155578627385711,2.1531219299370696,0.07945178157672211,5.908183085055556
J2,full_j1,0.01,96,0.40520994347211864,0.2343631588930452,0.00010400810867727817,0.5900624723246222,0.2799686479882282,0.17056878660041316,-0.15612306336612525,0.4077327486589981,0.1820805311364578,0.10786364708195312,-0.012452289081263723,0.2676538199793045,0.787143625372764,0.052952600939404806,0.7107210126358782,0.9446915098612294,1.5901898188900432,0.15195746651492004,1.3377098143488575,1.9798244725953913,1.1047019909710631,0.07881905257847299,1.0185137222269507,1.3195836762339734,4.155607277134726,2.1527677691348486,0.07767638816422591,5.910893373534699
J2,full_j2,0.0,96,0.999999999998125,5.878591341502313e-13,0.9999999999964934,0.9999999999989997,0.9999999999974521,9.995635127156611e-13,0.9999999999937552,0.9999999999989995,0.9999999999969255,1.3061693617321422e-12,0.9999999999924469,0.9999999999989996,1.5131562514513567e-06,4.5235648398612847e-07,7.252645271573942e-07,2.5075291689447145e-06,3.111882167394138e-06,1.0032790299419386e-06,1.364486771933116e-06,5.020689444676192e-06,3.64414060882271,0.08922215591923395,3.568339482432522,4.001759683810355,6.756619096160961,0.8430827162763721,4.673152017023698,7.899755926426792
J2,full_j2,0.01,96,0.9999970106635927,1.3079390480848217e-06,0.9999930574465057,0.9999991449281905,0.9999977633622645,1.1266212994835978e-06,0.9999938320002139,0.9999995120823134,0.999997793145018,1.271624738035723e-06,0.9999928976783216,0.9999995301255875,0.001327651067400154,0.0003775311977594208,0.0005980432688414399,0.0027614699549418607,0.0024853697826592376,0.0007836872006977834,0.0010427228631829286,0.0053822843516911955,3.64414060882271,0.08922215591923395,3.568339482432522,4.001759683810355,6.755808590141302,0.8424323651926651,4.6760101198976525,7.89621355383544
J2,toric_j0_cluster_matched13,0.0,96,0.9698525807413455,0.04375775053311317,0.8702960958355828,0.9999066023601404,0.9090935251203462,0.12919387388485432,0.3774239608066441,0.9974018652705527,0.8276595882386291,0.2201285815611346,0.35631369248521005,0.9867650878776748,0.19247948771416667,0.159379744736723,0.05255689838232059,0.5887024194956818,0.5601550732148602,0.36007481541615893,0.23131132908751023,1.097551172166405,31.227942920213565,0.7728799313138041,30.42126982223977,33.71059354687439,49.92130380230247,10.547327780276616,35.84469888918997,80.31741256945408
J2,toric_j0_cluster_matched13,0.01,96,0.9698495772582806,0.043757872960399985,0.8702941657820634,0.9999039879899755,0.9090906644395602,0.12917097848941697,0.37722451309043303,0.9974222329909607,0.8276453627901242,0.22008151812428092,0.3560999844783034,0.9867960594545502,0.1925677343702481,0.15930724319314585,0.0524844894945337,0.5887971118718955,0.5603256116040978,0.35994068036148547,0.23107305105569498,1.0983028645564814,31.227942920213565,0.7728799313138041,30.42126982223977,33.71059354687439,49.914276091901826,10.547329871909964,35.87424633330569,80.27338179889449
J2,toric_j0_generic_matched13,0.0,96,0.16960534100200242,0.15606097158823906,0.004127417525244703,0.5182454492590902,0.016165424742197027,0.08457957070447787,-0.19303768465127025,0.25729180903926374,-0.004289640202790084,0.054983050149974316,-0.11227626899264553,0.15493572909776965,0.9344751831464558,0.12440031373746104,0.7068317396245157,1.136620513950167,1.7553264908047321,0.2372284713237144,1.3347113487406579,2.299190230821528,1.2031741084560472,2.220446049250313e-16,1.2031741084560474,1.2031741084560474,2.516264482938601,1.4702512170779687,0.46436362651969104,5.172618212658798
J2,toric_j0_generic_matched13,0.01,96,0.16960209009343666,0.1560611126389274,0.004125743627965361,0.5182414106058495,0.016160176841978614,0.08458883309163778,-0.19318992619698316,0.2574794135880908,-0.004289627897464498,0.054979559489542154,-0.11209476695430842,0.155105650681568,0.9344767779329156,0.12439638165240352,0.7067445853999146,1.1365856805688201,1.7553249211317024,0.23722391814044297,1.3347220453595252,2.299226502623624,1.2031741084560472,2.220446049250313e-16,1.2031741084560474,1.2031741084560474,2.5162004885342744,1.4706593754158803,0.46789815623644804,5.175902943473325
J2,toric_j0_single,0.0,96,0.4036347480951214,0.23550798539726336,1.9368168069355818e-08,0.5881790833947862,0.2808683469020245,0.16977547264933315,-0.13302835685326286,0.4099124894328541,0.1826538652710147,0.1075615743301904,-0.010876362216745816,0.2692673720782782,0.7865913379059072,0.05292215832979411,0.708469505242576,0.9427545116562733,1.5897281948402509,0.15183949667487617,1.3316164601143927,1.9718106609963577,1.0368784208447106,0.04160195533685498,1.0004844943516904,1.150794182867881,4.128151736319349,2.193192627741047,0.05751496258505376,5.896798793536898
J2,toric_j0_single,0.01,96,0.4036340076395306,0.23550796466980833,-9.314410043259613e-07,0.5881789092591574,0.28086025089578576,0.1697707962816807,-0.1330954430973188,0.41002487799497556,0.18264711642271347,0.10755709400962081,-0.010874681028266497,0.269359259116418,0.7865965764731019,0.05291636103272908,0.7084659122741037,0.9427508674431962,1.589734454557511,0.15183516932639,1.3316092031596023,1.9716001842673934,1.0368784208447106,0.04160195533685498,1.0004844943516904,1.150794182867881,4.128041089340243,2.1931028125781205,0.054745753463506124,5.899205717186528
mixture,axis_j0,0.0,24,0.08853662581519815,0.11857531795041314,0.0034638723497644186,0.5566266518596594,-0.058999674216947275,0.06824231225985772,-0.19164337591009661,0.1256825851043769,-0.0955998826674795,0.10901087721540616,-0.35683232912519336,0.011976362290355813,0.47039388698710455,0.025938094792397923,0.43563113768578066,0.5425855447659855,0.5902117119701624,0.042519570592565295,0.538955983599907,0.6819763035549903,1.9338766028628995,1.7000170973022282,1.1225729310589865,8.409607441689182,2.0198309579600804,1.2158256223659385,0.4485573676133201,5.516641775925382
mixture,axis_j0,0.01,24,0.08853535233764816,0.11857527785223242,0.0034632421636759947,0.5566257282808796,-0.059146523512991045,0.06831544362502565,-0.19210120840576583,0.12588656855918223,-0.09571067487722167,0.10900606805203882,-0.35642451599159486,0.011980393833406433,0.47044056068702816,0.025942506325065905,0.4356057985775847,0.5424951083838788,0.5902334916177515,0.04252347175504319,0.5389535594844915,0.6818645694444536,1.9338766028628995,1.7000170973022282,1.1225729310589865,8.409607441689182,2.021831346903312,1.2140696379778912,0.4505830986644268,5.513100055749154
mixture,coord_shuffle_full_j2,0.0,24,0.010270304035480104,0.009542956822542576,0.0006789260322067614,0.03519108818454797,-0.005981284028771063,0.015138989079473319,-0.049490852469246116,0.03834297219084548,-0.004800931358122096,0.011959439450654814,-0.041349206578986664,0.03004717639821941,0.4443429768209796,0.006402836648168346,0.4318470022514309,0.460318449975575,0.5600039365331587,0.005198586617436369,0.5500784441505918,0.5735340445015097,3.826247819288817,0.2341064426553743,3.6410661552640167,4.644206429636391,0.9926429885683884,0.4576641234074565,0.23617286899599893,1.9766186317768848
mixture,coord_shuffle_full_j2,0.01,24,0.010267713690031202,0.009542983531588648,0.0006764891810969731,0.035188381191390894,-0.005986446368717031,0.015082725600054721,-0.049133728892508,0.03829391622107059,-0.004791461017038469,0.01192521269803391,-0.04105981904448708,0.030020555008295702,0.4443446863822315,0.006385996961701594,0.4318637816074752,0.46020127306959746,0.5599984054742658,0.0051929732129596,0.5501006755911438,0.5734667457618615,3.826247819288817,0.2341064426553743,3.6410661552640167,4.644206429636391,0.9916087397516066,0.4564565763627884,0.22864198928874893,1.9705236502752008
mixture,dct_matched13,0.0,24,0.9635469419571668,0.027782626419632715,0.8985891325133657,0.9920841965599979,0.00023516503415334233,0.2685694924740141,-0.4388105570153449,0.5005139114273038,-0.2250006464464962,0.25546225785254123,-0.6039981751102774,0.23920656163229126,0.5406598429387612,0.07663370072404457,0.38507489994364097,0.6562481868321071,0.6530714086455456,0.0749869868461055,0.48049184722065,0.7614760549208909,1.0000000000000033,3.4219371797089426e-16,1.0000000000000024,1.0000000000000038,7.208479964083399,0.11117388821089097,6.970866972963569,7.358508517782255
mixture,dct_matched13,0.01,24,0.9635437009340296,0.02778255558630259,0.8985843428777419,0.9920796659380401,0.0003586155539660278,0.2683146144754379,-0.4375081413902038,0.5006602751122332,-0.22488989155649053,0.25530150333889895,-0.603198101670309,0.2390837019575398,0.5406326551372078,0.07657887188861341,0.38501740928628053,0.6559502166162164,0.6530493371873504,0.07496658783075093,0.4804418139239726,0.7614011988957863,1.0000000000000033,3.4219371797089426e-16,1.0000000000000024,1.0000000000000038,7.207454732126948,0.11068642039313034,6.973564433670162,7.358765383956062
mixture,directional_j2_one,0.0,24,0.9235422912508372,0.06231203964860636,0.7920298800465153,0.9801650738970374,0.8331637543398361,0.10667102479648105,0.6159197212280987,0.9236761189543471,0.7223909622772681,0.1336476052476497,0.44440510584404647,0.8275371208786759,0.19705816740772283,0.057070916083304564,0.14379198078223396,0.3080430982189468,0.3263118699445467,0.06558801625156241,0.2742435396578891,0.45978593502469056,2.444531912019944,0.1720781869384127,2.2040949692818734,2.693447733894166,7.026242217396569,0.5530634075379244,6.018844637103494,7.893496606276786
mixture,directional_j2_one,0.01,24,0.9235406094887537,0.06231200535967874,0.7920278434925055,0.9801635141666201,0.8331502457271066,0.10669907201797213,0.6159027812919613,0.9236831464250098,0.7224009339317847,0.13377069879226175,0.4444945349274203,0.8275646880226702,0.19706271244262655,0.05709054135164187,0.14378413408091975,0.3080512599406764,0.3262818152996371,0.06567479178238042,0.2741958961934806,0.4598066890834889,2.444531912019944,0.1720781869384127,2.2040949692818734,2.693447733894166,7.0261402209504284,0.5525178770386463,6.014632538030225,7.892670248607718
mixture,full_j1,0.0,24,0.9790541748136196,0.001451295869218781,0.9775735543368341,0.9845601375059544,0.9209154215025244,0.0029097121376022756,0.9111651350653367,0.9249431320987628,0.8262902177141068,0.0023900748772359695,0.8195387520703159,0.8311414895769664,0.14708746817388532,0.0030563318253083263,0.14214379050862605,0.1557666705324804,0.273710260733319,0.0024777078173880253,0.26753991644107905,0.27847881510080624,1.1047019909710634,0.07881905257847299,1.0185137222269507,1.3195836762339734,7.270432857402665,0.030207243049101228,7.195553832430214,7.344476977401802
mixture,full_j1,0.01,24,0.9790525573536234,0.0014508744779327658,0.9775706646958167,0.9845565973681562,0.9209054773774524,0.002921521607989534,0.9111045012672649,0.9249218753005368,0.8262877531758068,0.0023839216889855203,0.8196119614157518,0.8311126244132935,0.14709681408603273,0.003067430846560311,0.14216564331907344,0.1558221657933785,0.2737087426353553,0.0024664439141591594,0.2676482286628513,0.2784974221214878,1.1047019909710634,0.07881905257847299,1.0185137222269507,1.3195836762339734,7.269574404914508,0.030139199628824376,7.191789018021339,7.338439510122749
mixture,full_j2,0.0,24,0.9999999999969509,9.003265868007522e-14,0.9999999999966099,0.999999999997036,0.9999999999890309,1.8608448187500595e-12,0.999999999981558,0.9999999999909585,0.9999999999643863,5.213804140704658e-12,0.9999999999450008,0.9999999999694731,1.7216294056609512e-06,1.3856279899078447e-07,1.5511817047178458e-06,2.2400320014630162e-06,4.053069727702933e-06,2.651863979917125e-07,3.750533088344794e-06,4.9575934857461e-06,3.64414060882271,0.08922215591923395,3.568339482432522,4.001759683810355,7.342200221047437,0.011784000801693695,7.307303456149433,7.360156529787331
mixture,full_j2,0.01,24,0.9999969059997985,1.3001908081027717e-06,0.9999939052849672,0.999998772975926,0.9999910833924893,5.385149592259577e-06,0.9999762517116432,0.9999977536028614,0.9999806874609721,1.3167579320055007e-05,0.999942389402083,0.9999962484196563,0.001468488267690183,0.00044791747572895323,0.0007186816870975824,0.0025684095103806546,0.00272333351232563,0.0009316381792213945,0.0012261452889721824,0.004995121878214071,3.64414060882271,0.08922215591923395,3.568339482432522,4.001759683810355,7.340993670975185,0.014894154431399303,7.302838508695898,7.363918097126805
mixture,toric_j0_cluster_matched13,0.0,24,0.9976463931653831,0.00037827118099630243,0.9971648238294424,0.9990726641615236,0.9686078759950701,0.0064090813047360294,0.9391513997165127,0.972737226632781,0.8644212513741625,0.007239287298390016,0.8349026637896712,0.8757229897779144,0.0956706988027423,0.008362031982707555,0.08889264977287212,0.1327673431658174,0.2550992294201739,0.005516067376059454,0.2420903002471171,0.26948558084144614,31.227942920213565,0.7728799313138041,30.42126982223977,33.71059354687439,7.542536822404428,0.3458159332123052,7.19612009415823,9.090639521119488
mixture,toric_j0_cluster_matched13,0.01,24,0.997643351628605,0.0003778761871732429,0.9971628821780322,0.9990666263414696,0.9686146083079549,0.00629383997155861,0.9398277331776165,0.972987859325614,0.8644362123489985,0.007053749518386635,0.8360428479939108,0.8756113868316271,0.09566971111660534,0.008255981795805264,0.08846529763725508,0.1320209600578876,0.25508938988095153,0.005406788353855938,0.24214510215674684,0.2686537518142056,31.227942920213565,0.7728799313138041,30.42126982223977,33.71059354687439,7.5412425577198094,0.341061939753095,7.21910111249167,9.064846533315515
mixture,toric_j0_generic_matched13,0.0,24,0.2342065118188527,0.29739333749384467,0.001739622125937923,0.9634331923043169,0.05174378012618858,0.2700359067106079,-0.24996188504267214,0.8970671660771677,-0.010366729380594847,0.2201908849192974,-0.31105418705189525,0.8123975141681061,0.4448067861686118,0.07608109318470234,0.16663654602126673,0.5353975518817902,0.569494976381986,0.07297024459962888,0.27392586370357636,0.673936609726626,1.2031741084560474,0.0,1.2031741084560474,1.2031741084560474,2.9057366946593093,2.081520823047757,0.3148756459407894,7.13997754935312
mixture,toric_j0_generic_matched13,0.01,24,0.23420300601849445,0.29739307823428635,0.001737318457168402,0.9634297274933574,0.051768007361659825,0.2700282353356425,-0.24962102356626592,0.8970406344760204,-0.010361807340975845,0.22021581446509378,-0.3115106133291432,0.8125310089755466,0.4447996922848883,0.07607433987825625,0.1666599091898889,0.5355185580337415,0.5694938049869726,0.07299594642675836,0.27378793180938293,0.6740256185249582,1.2031741084560474,0.0,1.2031741084560474,1.2031741084560474,2.905962116428301,2.0810905143341896,0.3167391149359984,7.142220318673033
mixture,toric_j0_single,0.0,24,0.795862536569839,0.006589015765092506,0.7753395327438362,0.8057852607766638,0.6161232129296659,0.004085133524918458,0.6051738691194901,0.6220387765010218,0.4454780278453075,0.002565526561936782,0.440372226364667,0.4502854316482756,0.30666515566498226,0.0034413165214837787,0.29635732924390945,0.31462704773660977,0.45877139387977256,0.0036768038049842418,0.4504756213471447,0.4660572460559491,1.0368784208447106,0.041601955336854984,1.0004844943516904,1.150794182867881,6.558187857013894,0.05425167656869074,6.387574547296532,6.633675354434511
mixture,toric_j0_single,0.01,24,0.7958619228466445,0.006589083479256597,0.7753390245557411,0.8057846265170968,0.6161186847598019,0.00409625882870586,0.6051816296132135,0.622037896816583,0.4454783213196339,0.0025619607833257114,0.440351458768806,0.450276389369475,0.3066672759537287,0.003449008092250208,0.2963427391181181,0.3146197282275808,0.45877004888915746,0.00368019989009924,0.45041565399551264,0.4660667847358593,1.0368784208447106,0.041601955336854984,1.0004844943516904,1.150794182867881,6.55737091086192,0.05510199319881484,6.385432873276755,6.637402761624892
